url,name,capacity,price,weight,voltage,cell_count,watt_hours,specific_energy,wh_per_dollar,under_100_wh
https://hobbyking.com/en_us/turnigy-2200mah-3s-25c-lipo-pack.html,Turnigy 2200mAh 3S 25C LiPo Pack,2200.0,12.64,178.0,11.1,3,24.42,0.13719101123595506,1.9319620253164558,True
https://hobbyking.com/en_us/turnigy-2200mah-6s-60c-lipo-pack-w-xt60-connector.html,Turnigy 2200mAh 6S 60C LiPo Pack w/XT60 Connector,2200.0,40.19,327.0,22.2,6,48.84,0.1493577981651376,1.2152276685742724,True
https://hobbyking.com/en_us/turnigy-battery-heavy-duty-5000mah-6s-60c-lipo-pack-xt-90.html,Turnigy Heavy Duty 5000mAh 6S 60C LiPo Pack w/XT90,5000.0,87.84,750.0,22.2,6,111.0,0.148,1.2636612021857923,False
https://hobbyking.com/en_us/turnigy-nano-tech-300mah-2s-70c-hr-technology.html,Turnigy Nano-Tech Plus 300mAh 2S 70C Lipo Pack,300.0,5.24,23.0,7.4,2,2.22,0.0965217391304348,0.4236641221374046,True
https://hobbyking.com/en_us/turnigy-3500mah-2s-60c-lipo-pack-w-xt60-connector.html,Turnigy 3500mAh 2S 60C LiPo Pack w/XT60 Connector,3500.0,22.32,168.0,7.4,2,25.9,0.15416666666666665,1.1603942652329748,True
https://hobbyking.com/en_us/turnigy-2200mah-3s-40c-lipo-pack.html,Turnigy 2200mAh 3S 40C LiPo Pack,2200.0,17.85,204.0,11.1,3,24.42,0.11970588235294119,1.3680672268907563,True
https://hobbyking.com/en_us/turnigy-1000mah-3s-20c-lipo-pack.html,Turnigy 1000mAh 3S 20C Lipo Pack,1000.0,16.19,87.0,11.1,3,11.1,0.12758620689655173,0.685608400247066,True
https://hobbyking.com/en_us/turnigy-rapid-6000mah-6s-22-2v-100c-lipo-battery-pack-w-ec5-connector.html,Turnigy Rapid 6000mAh 6S (22.2V) 100C LiPo Battery Pack w/EC5 Connector For RC Cars,6000.0,45.77,835.0,22.2,6,133.2,0.15952095808383232,2.910203189862355,False
https://hobbyking.com/en_us/turnigy-heavy-duty-4000mah-8s-60c-lipo-battery-pack-xt90-ec5.html,Turnigy Heavy Duty 4000mAh 8S 60C LiPo Battery Pack (XT90/EC5),4000.0,134.0,833.0,29.6,8,118.4,0.14213685474189677,0.8835820895522388,False
https://hobbyking.com/en_us/turnigy-2200mah-6s-40c-lipo-pack-w-xt60-connector.html,Turnigy 2200mAh 6S 40C LiPo Pack w/XT60 Connector,2200.0,37.21,333.0,22.2,6,48.84,0.14666666666666667,1.3125503896801936,True
https://hobbyking.com/en_us/turnigy-2200mah-6s-30c-lipo-pack-w-xt60-connector.html,Turnigy 2200mAh 6S 30C LiPo Pack w/XT60 Connector,2200.0,34.23,293.0,22.2,6,48.84,0.16668941979522187,1.4268185801928135,True
https://hobbyking.com/en_us/turnigy-nano-tech-450mah-4s-35c-lipo-pack-w-xt30-connector.html,Turnigy Nano-Tech 450mAh 4S 35C LiPo Pack w/XT30 Connector,450.0,13.39,56.0,14.8,4,6.66,0.11892857142857143,0.49738610903659447,True
https://hobbyking.com/en_us/turnigy-nano-tech-300mah-2s-35c-lipo-pack-w-jst-ph-connector.html,Turnigy Nano-Tech 300mAh 2S 35C LiPo Pack w/JST-PH Connector,300.0,7.43,18.0,7.4,2,2.22,0.12333333333333335,0.29878869448183043,True
https://hobbyking.com/en_us/turnigy-nano-tech-300mah-2s-35c-lipo-pack-w-jst-connector.html,Turnigy Nano-Tech 300mAh 2S 35C LiPo Pack w/JST Connector,300.0,7.43,18.0,7.4,2,2.22,0.12333333333333335,0.29878869448183043,True
https://hobbyking.com/en_us/turnigy-rapid-6000mah-6s-22-2v-100c-lipo-battery-pack-w-xt90-connector.html,Turnigy Rapid 6000mAh 6S (22.2V) 100C LiPo Battery Pack w/XT90 Connector For RC Cars,6000.0,58.06,815.0,22.2,6,133.2,0.16343558282208587,2.2941784361005855,False
https://hobbyking.com/en_us/turnigy-rapid-6000mah-4s-14-8v-100c-lipo-battery-pack-w-ec5-connector.html,Turnigy Rapid 6000mAh 4S (14.8V) 100C LiPo Battery Pack w/EC5 Connector For RC Cars,6000.0,62.52,570.0,14.8,4,88.8,0.15578947368421053,1.420345489443378,True
https://hobbyking.com/en_us/turnigy-rapid-6000mah-4s-14-8v-100c-lipo-battery-pack-w-xt90-connector.html,Turnigy Rapid 6000mAh 4S (14.8V) 100C LiPo Battery Pack w/XT90 Connector For RC Cars,6000.0,62.52,570.0,14.8,4,88.8,0.15578947368421053,1.420345489443378,True
https://hobbyking.com/en_us/turnigy-rapid-6000mah-3s-11-1v-100c-lipo-battery-pack-w-xt90-connector.html,Turnigy Rapid 6000mAh 3S (11.1V) 100C LiPo Battery Pack w/XT90 Connector For RC Cars,6000.0,29.91,440.0,11.1,3,66.6,0.15136363636363634,2.226680040120361,True
https://hobbyking.com/en_us/turnigy-rapid-6000mah-2s-7-4v-100c-lipo-battery-pack-w-xt90-connector.html,Turnigy Rapid 6000mAh 2S (7.4V) 100C LiPo Battery Pack w/XT90 Connector For RC Cars,6000.0,24.14,310.0,7.4,2,44.4,0.1432258064516129,1.8392709196354597,True
https://hobbyking.com/en_us/turnigy-rapid-5000mah-6s-22-2v-100c-lipo-battery-pack-w-xt90-connector.html,Turnigy Rapid 5000mAh 6S (22.2V) 100C LiPo Battery Pack w/XT90 Connector For RC Cars,5000.0,66.99,713.0,22.2,6,111.0,0.15568022440392706,1.6569637259292433,False
https://hobbyking.com/en_us/turnigy-rapid-5000mah-3s-11-1v-100c-lipo-battery-pack-w-xt90-connector.html,Turnigy Rapid 5000mAh 3S (11.1V) 100C LiPo Battery Pack w/XT90 Connector For RC Cars,5000.0,33.49,380.0,11.1,3,55.5,0.14605263157894738,1.657211107793371,True
https://hobbyking.com/en_us/turnigy-rapid-5000mah-2s-7-4v-100c-lipo-battery-pack-w-ec5-connector.html,Turnigy Rapid 5000mAh 2S (7.4V) 100C LiPo Battery Pack w/EC5 Connector For RC Cars,5000.0,15.72,270.0,7.4,2,37.0,0.13703703703703704,2.3536895674300253,True
https://hobbyking.com/en_us/turnigy-heavy-duty-5200mah-6s-60c-lipo-battery-pack-w-ec5.html,Turnigy Heavy Duty 5200mAh 6S 60C LiPo Battery Pack w/EC5,5200.0,107.19,765.0,22.2,6,115.44,0.15090196078431373,1.0769661349006436,False
https://hobbyking.com/en_us/turnigy-heavy-duty-5200mah-4s-60c-lipo-battery-pack-w-ec5.html,Turnigy Heavy Duty 5200mAh 4S 60C LiPo Battery Pack w/EC5,5200.0,72.2,524.0,14.8,4,76.96,0.14687022900763358,1.0659279778393351,True
https://hobbyking.com/en_us/turnigy-heavy-duty-5200mah-4s-60c-lipo-battery-pack-w-xt90.html,Turnigy Heavy Duty 5200mAh 4S 60C LiPo Battery Pack w/XT90,5200.0,72.2,524.0,14.8,4,76.96,0.14687022900763358,1.0659279778393351,True
https://hobbyking.com/en_us/turnigy-heavy-duty-5200mah-3s-60c-lipo-battery-pack-w-ec5.html,Turnigy Heavy Duty 5200mAh 3S 60C LiPo Battery Pack w/EC5,5200.0,35.66,404.0,11.1,3,57.72,0.14287128712871286,1.6186203028603479,True
https://hobbyking.com/en_us/turnigy-heavy-duty-5200mah-3s-60c-lipo-battery-pack-w-xt90.html,Turnigy Heavy Duty 5200mAh 3S 60C LiPo Battery Pack w/XT90,5200.0,48.38,404.0,11.1,3,57.72,0.14287128712871286,1.1930549813972715,True
https://hobbyking.com/en_us/turnigy-heavy-duty-6200mah-6s-60c-lipo-battery-pack-w-ec5.html,Turnigy Heavy Duty 6200mAh 6S 60C LiPo Battery Pack w/EC5,6200.0,102.92,895.0,22.2,6,137.64,0.1537877094972067,1.3373493975903612,False
https://hobbyking.com/en_us/turnigy-heavy-duty-6200mah-6s-60c-lipo-battery-pack-w-xt90.html,Turnigy Heavy Duty 6200mAh 6S 60C LiPo Battery Pack w/XT90,6200.0,102.92,895.0,22.2,6,137.64,0.1537877094972067,1.3373493975903612,False
https://hobbyking.com/en_us/turnigy-heavy-duty-6200mah-4s-60c-lipo-battery-pack-w-ec5.html,Turnigy Heavy Duty 6200mAh 4S 60C LiPo Battery Pack w/EC5,6200.0,86.35,609.0,14.8,4,91.76,0.15067323481116585,1.0626519976838449,True
https://hobbyking.com/en_us/turnigy-heavy-duty-6200mah-4s-60c-lipo-battery-pack-w-xt90.html,Turnigy Heavy Duty 6200mAh 4S 60C LiPo Battery Pack w/XT90,6200.0,86.35,609.0,14.8,4,91.76,0.15067323481116585,1.0626519976838449,True
https://hobbyking.com/en_us/turnigy-heavy-duty-6200mah-3s-60c-lipo-battery-pack-w-ec5.html,Turnigy Heavy Duty 6200mAh 3S 60C LiPo Battery Pack w/EC5,6200.0,40.9,465.0,11.1,3,68.82,0.148,1.682640586797066,True
https://hobbyking.com/en_us/turnigy-heavy-duty-6200mah-3s-60c-lipo-battery-pack-w-tr.html,Turnigy Heavy Duty 6200mAh 3S 60C LiPo Battery Pack w/TR,6200.0,65.5,465.0,11.1,3,68.82,0.148,1.0506870229007632,True
https://hobbyking.com/en_us/turnigy-rapid-8000mah-4s2p-140c-hardcase-lipo-battery-pack-w-xt90.html,Turnigy Rapid 8000mAh 4S2P 140C Hardcase LiPo Battery Pack w/XT90,8000.0,89.33,651.0,14.8,4,118.4,0.18187403993855608,1.3254225903951642,False
https://hobbyking.com/en_us/turnigy-rapid-8000mah-3s2p-140c-hardcase-lipo-battery-pack-w-xt90.html,Turnigy Rapid 8000mAh 3S2P 140C Hardcase LiPo Battery Pack w/XT90,8000.0,89.33,498.0,11.1,3,88.8,0.1783132530120482,0.994066942796373,True
https://hobbyking.com/en_us/turnigy-rapid-6500mah-4s2p-140c-hardcase-lipo-battery-pack-w-xt90-connector.html,Turnigy Rapid 6500mAh 4S2P 140C Hardcase Lipo Battery Pack w/XT90 Connector,6500.0,58.64,600.0,14.8,4,96.2,0.16033333333333333,1.640518417462483,True
https://hobbyking.com/en_us/turnigy-5000mah-3s-20c-lipo-pack-w-xt-90.html,Turnigy 5000mAh 3S 20C LiPo Pack w/XT-90,5000.0,41.68,345.0,11.1,3,55.5,0.1608695652173913,1.331573896353167,True
https://hobbyking.com/en_us/turnigy-nano-tech-plus-5000mah-4s-70c-lipo-pack-w-xt90.html,Turnigy Nano-Tech Plus 5000mAh 4S 70C Lipo Pack w/XT90,5000.0,74.44,568.0,14.8,4,74.0,0.13028169014084506,0.9940891993551854,True
https://hobbyking.com/en_us/turnigy-nano-tech-plus-5000mah-3s-70c-lipo-pack-w-xt90.html,Turnigy Nano-Tech Plus 5000mAh 3S 70C Lipo Pack w/XT90,5000.0,53.59,431.0,11.1,3,55.5,0.12877030162412992,1.0356409777943645,True
https://hobbyking.com/en_us/turnigy-nano-tech-3300mah-4s-25c-lipo-pack-w-xt60.html,Turnigy Nano-Tech 3300mAh 4S 25C Lipo Pack w/XT60,3300.0,44.66,332.0,14.8,4,48.84,0.14710843373493976,1.0935960591133007,True
https://hobbyking.com/en_us/turnigy-nano-tech-3300mah-2s-35c-lipo-pack-w-xt60.html,Turnigy Nano-Tech 3300mAh 2S 35C Lipo Pack w/XT60,3300.0,22.95,185.0,7.4,2,24.42,0.132,1.0640522875816996,True
https://hobbyking.com/en_us/turnigy-rapid-6500mah-2s2p-140c-hardcase-lipo-battery-pack-roar-approved.html,Turnigy Rapid 6500mAh 2S2P 140C Hardcase LiPo Battery Pack (ROAR Approved),6500.0,30.79,308.0,7.4,2,48.1,0.15616883116883118,1.562195518025333,True
https://hobbyking.com/en_us/turnigy-rapid-8000mah-2s2p-140c-hardcase-lipo-battery-pack-roar-approved.html,Turnigy Rapid 8000mAh 2S2P 140C Hardcase Lipo Battery Pack (ROAR Approved),8000.0,39.89,317.0,7.4,2,59.2,0.18675078864353314,1.4840812233642517,True
https://hobbyking.com/en_us/turnigy-rapid-5500mah-4s2p-140c-hardcase-lipo-battery-pack-w-xt90-connector-roar-approved.html,Turnigy Rapid 5500mAh 4S2P 140C Hardcase LiPo Battery Pack w/XT90 Connector (ROAR Approved),5500.0,56.0,543.0,14.8,4,81.4,0.14990791896869246,1.4535714285714287,True
https://hobbyking.com/en_us/turnigy-rapid-5500mah-3s2p-140c-hardcase-lipo-battery-pack-w-xt60-connector-roar-approved.html,Turnigy Rapid 5500mAh 3S2P 140C Hardcase Lipo Battery Pack w/XT90 Connector (ROAR Approved),5500.0,38.61,416.0,11.1,3,61.05,0.1467548076923077,1.5811965811965811,True
https://hobbyking.com/en_us/turnigy-1300mah-4s-60c-lipo-pack-w-xt60.html,Turnigy 1300mAh 4S 60C Lipo Pack w/XT60,1300.0,23.81,159.0,14.8,4,19.24,0.12100628930817608,0.8080638387232255,True
https://hobbyking.com/en_us/turnigy-850mah-3s-60c-lipo-pack-w-xt30.html,Turnigy 850mAh 3S 60C Lipo Pack w/XT30,850.0,16.36,83.0,11.1,3,9.435,0.11367469879518073,0.5767114914425429,True
https://hobbyking.com/en_us/turnigy-450mah-4s-60c-lipo-pack-w-xt30.html,Turnigy 450mAh 4S 60C Lipo Pack w/XT30,450.0,14.88,65.0,14.8,4,6.66,0.10246153846153847,0.4475806451612903,True
https://hobbyking.com/en_us/turnigy-450mah-3s-60c-lipo-pack.html,Turnigy 450mah 3S 60C Lipo Pack w/XT30,450.0,11.9,51.0,11.1,3,4.995,0.09794117647058824,0.4197478991596639,True
https://hobbyking.com/en_us/turnigy-nano-tech-plus-450mah-4s-70c-w-xt30.html,Turnigy Nano-Tech Plus 450mAh 4S 70C LiPo Pack w/XT30,450.0,8.37,63.0,14.8,4,6.66,0.10571428571428572,0.7956989247311829,True
https://hobbyking.com/en_us/graphene-panther-1300mah-6s-75c-lipo-pack-w-xt60.html,Turnigy Graphene Panther 1300mAh 6S 75C Battery Pack w/XT60,1300.0,40.19,249.0,22.2,6,28.86,0.11590361445783132,0.7180890768847973,True
https://hobbyking.com/en_us/turnigy-nano-tech-450mah-3s-45c-lipo-pack-w-xt30.html,Turnigy Nano-Tech 450mAh 3S 45C Lipo Pack w/XT30,450.0,11.9,41.0,11.1,3,4.995,0.12182926829268292,0.4197478991596639,True
https://hobbyking.com/en_us/turnigy-nano-tech-plus-650mah-1s-70c-lipo-pack-w-jst-ph.html,Turnigy Nano-Tech Plus 650mAh 1S 70C Lipo Pack w/JST-PH,650.0,4.59,20.0,3.7,1,2.405,0.12025,0.5239651416122004,True
https://hobbyking.com/en_us/turnigy-nano-tech-plus-550mah-1s-70c-lipo-pack-w-jst-ph.html,Turnigy Nano-Tech Plus 550mAh 1S 70C Lipo Pack w/JST-PH,550.0,2.32,16.0,3.7,1,2.035,0.1271875,0.8771551724137933,True
https://hobbyking.com/en_us/turnigy-350mah-2s1p-45c-lipo-pack-w-xt30.html,Turnigy 350mAh 2S1P 45C Lipo Pack w/XT30,350.0,5.29,26.0,7.4,2,2.59,0.0996153846153846,0.48960302457466914,True
https://hobbyking.com/en_us/turnigy-nano-tech-plus-6000mah-6s-70c-lipo-pack-w-xt90.html,Turnigy Nano-Tech Plus 6000mAh 6S 70C LiPo Pack w/XT90,6000.0,114.4,1034.0,22.2,6,133.2,0.1288201160541586,1.1643356643356642,False
https://hobbyking.com/en_us/turnigy-nano-tech-plus-3000mah-3s-70c-lipo-pack-w-xt90.html,Turnigy Nano-Tech Plus 3000mAh 3S 70C Lipo Pack w/XT90,3000.0,35.72,287.0,11.1,3,33.3,0.11602787456445993,0.9322508398656214,True
https://hobbyking.com/en_us/turnigy-nano-tech-plus-1300mah-3s-70c-lipo-pack-w-xt60.html,Turnigy Nano-Tech Plus 1300mAh 3S 70C Lipo Pack w/XT60,1300.0,20.83,147.0,11.1,3,14.43,0.09816326530612245,0.6927508401344216,True
https://hobbyking.com/en_us/turnigy-nano-tech-600mah-1s-25c-lipo-pack-w-walkera.html,Turnigy Nano-Tech 600mAh 1S 25C Lipo Pack w/Walkera Plug,600.0,2.43,17.0,3.7,1,2.22,0.13058823529411767,0.9135802469135803,True
https://hobbyking.com/en_us/turnigy-graphene-panther-1200mah-6s-75c-battery-pack-w-xt60.html,Turnigy Graphene Panther 1200mAh 6S 75C Battery Pack w/XT60,1200.0,23.81,232.0,22.2,6,26.64,0.11482758620689655,1.118857622847543,True
https://hobbyking.com/en_us/turnigy-1000mah-6s-65c-lipo-pack-w-xt60.html,Turnigy 1000mAh 6S 65C Lipo Pack w/XT60,1000.0,17.6,205.0,22.2,6,22.2,0.10829268292682927,1.2613636363636362,True
https://hobbyking.com/en_us/turnigy-650mah-3s-65c-lipo-pack-w-xt30.html,Turnigy 650mAh 3S 65C Lipo Pack w/XT30,650.0,11.9,69.0,11.1,3,7.215,0.10456521739130435,0.6063025210084033,True
https://hobbyking.com/en_us/turnigy-graphene-panther-450mah-4s-75c.html,Turnigy Graphene Panther 450mAh 4S 75C Battery Pack w/XT30,450.0,16.36,76.0,14.8,4,6.66,0.08763157894736842,0.4070904645476773,True
https://hobbyking.com/en_us/turnigy-graphene-panther-450mah-3s-75c.html,Turnigy Graphene Panther 450mAh 3S 75C Battery Pack w/XT30,450.0,11.9,63.0,11.1,3,4.995,0.07928571428571429,0.4197478991596639,True
https://hobbyking.com/en_us/turnigy-high-capacity-14000mah-6s-12c-multi-rotor-lipo-pack-w-xt90.html,Turnigy High Capacity 14000mAh 6S 12C Lipo Pack w/XT90,14000.0,210.78,1820.0,22.2,6,310.8,0.17076923076923078,1.474523199544549,False
https://hobbyking.com/en_us/turnigy-high-capacity-16000mah-4s-12c-multi-rotor-lipo-pack-w-xt90.html,Turnigy High Capacity 16000mAh 4S 12C Lipo Pack w/XT90,16000.0,178.67,1366.0,14.8,4,236.8,0.1733528550512445,1.3253484076789614,False
https://hobbyking.com/en_us/turnigy-high-capacity-16000mah-6s-12c-multi-rotor-lipo-pack-w-xt90.html,Turnigy High Capacity 16000mAh 6S 12C Lipo Pack w/XT90,16000.0,243.94,2015.0,22.2,6,355.2,0.17627791563275433,1.456095761252767,False
https://hobbyking.com/en_us/turnigy-high-capacity-12000mah-4s-12c-multi-rotor-lipo-pack-xt90.html,Turnigy High Capacity 12000mAh 4S 12C Multi Rotor Lipo Pack XT90,12000.0,130.99,1080.0,14.8,4,177.6,0.16444444444444445,1.3558286892129168,False
https://hobbyking.com/en_us/turnigy-graphene-3000mah-4s-75c-lipo-pack-w-xt90.html,Turnigy Graphene Panther 3000mAh 4S 75C Battery Pack w/XT90,3000.0,51.21,360.0,14.8,4,44.4,0.12333333333333332,0.8670181605155243,True
https://hobbyking.com/en_us/turnigy-graphene-3000mah-3s-75c-lipo-pack-w-xt90.html,Turnigy Graphene Panther 3000mAh 3S 75C Battery Pack w/XT90,3000.0,39.31,320.0,11.1,3,33.3,0.10406249999999999,0.8471126939709996,True
https://hobbyking.com/en_us/turnigy-graphene-6000mah-6s-75c-lipo-pack-w-xt90.html,Turnigy Graphene Panther 6000mAh 6S 75C Battery Pack w/XT90,6000.0,125.06,950.0,22.2,6,133.2,0.14021052631578945,1.0650887573964496,False
https://hobbyking.com/en_us/turnigy-graphene-5000mah-4s-75c-lipo-pack-w-xt90.html,Turnigy Graphene Panther 5000mAh 4S 75C Battery Pack w/XT90,5000.0,76.71,630.0,14.8,4,74.0,0.11746031746031746,0.9646721418328772,True
https://hobbyking.com/en_us/turnigy-graphene-500mah-4s-75c-lipo-pack-w-xt30.html,Turnigy Graphene Panther 500mAh 4S 75C Battery Pack w/XT30,500.0,15.47,76.0,14.8,4,7.4,0.09736842105263159,0.4783451842275372,True
https://hobbyking.com/en_us/turnigy-graphene-6000mah-4s-75c-lipo-pack-w-xt90.html,Turnigy Graphene Panther 6000mAh 4S 75C Battery Pack w/XT90,6000.0,90.41,800.0,14.8,4,88.8,0.111,0.9821922353721934,True
https://hobbyking.com/en_us/turnigy-graphene-6000mah-3s-75c-lipo-pack-w-xt90.html,Turnigy Graphene Panther 6000mAh 3S 75C Battery Pack w/XT90,6000.0,70.04,630.0,11.1,3,66.6,0.1057142857142857,0.9508852084523128,True
https://hobbyking.com/en_us/turnigy-graphene-4000mah-3s-75c-lipo-pack-w-xt90.html,Turnigy Graphene Panther 4000mAh 3S 75C Battery Pack w/XT90 ,4000.0,47.63,412.0,11.1,3,44.4,0.10776699029126213,0.932185597312618,True
https://hobbyking.com/en_us/turnigy-graphene-1000mah-6s-75c-lipo-pack-w-xt60.html,Turnigy Graphene Panther 1000mAh 6S 75C Battery Pack w/XT60,1000.0,29.77,212.0,22.2,6,22.2,0.10471698113207546,0.7457171649311387,True
https://hobbyking.com/en_us/turnigy-graphene-850mah-4s-75c-lipo-pack-w-xt60u.html,Turnigy Graphene Panther 850mAh 4S 75C Battery Pack w/XT60,850.0,19.34,120.0,14.8,4,12.58,0.10483333333333333,0.6504653567735263,True
https://hobbyking.com/en_us/turnigy-graphene-950mah-1s-75c-lipo-pack-w-jst-45syp-452p.html,Turnigy Graphene Panther 950mAh 1S 75C Battery Pack w/JST-SYP-2P,950.0,5.33,43.0,3.7,1,3.515,0.08174418604651162,0.6594746716697937,True
https://hobbyking.com/en_us/nano-tech-70c-1000mah-6s1p-22-2v.html,Turnigy Nano-Tech Plus 1000mAh 6S 70C Lipo Pack w/XT60,1000.0,29.77,3.0,22.2,6,22.2,7.3999999999999995,0.7457171649311387,True
https://hobbyking.com/en_us/turnigy-high-capacity-battery-8000mah-4s-12c-drone-lipo-pack-xt90.html,Turnigy High Capacity 8000mAh 4S 12C Lipo Pack w/XT90,8000.0,78.26,752.0,14.8,4,118.4,0.1574468085106383,1.5129056989522105,False
https://hobbyking.com/en_us/turnigy-high-capacity-battery-8000mah-6s-12c-drone-lipo-pack-xt90.html,Turnigy High Capacity 8000mAh 6S 12C w/XT90,8000.0,96.06,1110.0,22.2,6,177.6,0.16,1.8488444722048718,False
https://hobbyking.com/en_us/turnigy-high-capacity-10000mah-4s-12c-multi-rotor-lipo-pack-w-xt90.html,Turnigy High Capacity 10000mAh 4S 12C Lipo Pack w/XT90,10000.0,139.95,902.0,14.8,4,148.0,0.164079822616408,1.0575205430510897,False
https://hobbyking.com/en_us/turnigy-high-capacity-10000mah-6s-12c-multi-rotor-lipo-pack-w-xt90.html,Turnigy High Capacity 10000mAh 6S 12C Lipo Pack w/XT90,10000.0,178.67,1320.0,22.2,6,222.0,0.16818181818181818,1.2425141321990263,False
https://hobbyking.com/en_us/turnigy-high-capacity-battery-12000mah-6s-12c-drone-lipo-pack-xt90.html,Turnigy High Capacity 12000mAh 6S 12C Lipo Pack w/XT90,12000.0,182.97,1650.0,22.2,6,266.4,0.16145454545454543,1.4559763895720608,False
https://hobbyking.com/en_us/turnigy-high-capacity-battery-20000mah-6s-12c-drone-lipo-pack-xt90.html,Turnigy High Capacity 20000mAh 6S 12C Lipo Pack w/XT90,20000.0,300.17,2630.0,22.2,6,444.0,0.1688212927756654,1.479161808308625,False
https://hobbyking.com/en_us/turnigy-1400mah-4s-40c-lipo-pack-w-xt60.html,Turnigy 1400mAh 4S 40C Lipo Pack w/XT60,1400.0,20.5,153.0,14.8,4,20.72,0.1354248366013072,1.0107317073170732,True
https://hobbyking.com/en_us/turnigy-1400mah-3s-65c-lipo-pack-w-xt60.html,Turnigy 1400mAh 3S 65C Lipo Pack w/XT60,1400.0,17.11,139.0,11.1,3,15.54,0.11179856115107913,0.9082407948568089,True
https://hobbyking.com/en_us/turnigy-1400mah-4s-65c-lipo-pack-w-xt60.html,Turnigy 1400mAh 4S 65C Lipo Pack w/XT60,1400.0,20.97,179.0,14.8,4,20.72,0.11575418994413407,0.9880782069623272,True
https://hobbyking.com/en_us/turnigy-heavy-duty-4000mah-6s-60c-lipoly-battery-pack-xt90.html,Turnigy Heavy Duty 4000mAh 6S 60C Lipo Battery Pack w/XT90,4000.0,84.86,682.0,22.2,6,88.8,0.13020527859237535,1.0464294131510723,True
https://hobbyking.com/en_us/turnigy-nano-tech-2650mah-4s-30c-lipo-pack-wxt60.html,Turnigy Nano-Tech 2650mAh 4S 30C Lipo Pack w/XT60,2650.0,37.21,35.0,14.8,4,39.22,1.1205714285714286,1.054017737167428,True
https://hobbyking.com/en_us/turnigy-nano-tech-2650mah-3s-30c-lipo-pack-wxt60.html,Turnigy Nano-Tech 2650mAh 3S 30C Lipo Pack w/XT60,2650.0,35.72,76.0,11.1,3,29.415,0.3870394736842105,0.823488241881299,True
https://hobbyking.com/en_us/turnigy-nano-tech-4000mah-4s-30c-lipo-pack-wxt60.html,Turnigy Nano-Tech 4000mAh 4S 30C Lipo Pack w/XT60,4000.0,53.59,24.0,14.8,4,59.2,2.466666666666667,1.1046837096473223,True
https://hobbyking.com/en_us/turnigy-nano-tech-1400mah-2s-25c-lipo-pack-wxt60.html,Turnigy Nano-Tech 1400mAh 2S 25C Lipo Pack w/XT60,1400.0,13.07,104.0,7.4,2,10.36,0.0996153846153846,0.7926549349655699,True
https://hobbyking.com/en_us/turnigy-nano-tech-850mah-3s-30c-lipo-pack-jst.html,Turnigy Nano-Tech 850mAh 3S 30C Lipo Pack,850.0,16.36,6.0,11.1,3,9.435,1.5725,0.5767114914425429,True
https://hobbyking.com/en_us/turnigy-nano-tech-1300mah-4s-70c-lipo-pack-xt60-hr-tech.html,Turnigy Nano-Tech Plus 1300mAh 4S 70C Lipo Pack w/XT60,1300.0,23.81,166.0,14.8,4,19.24,0.11590361445783132,0.8080638387232255,True
https://hobbyking.com/en_us/turnigy-nano-tech-1000mah-4s-70c-lipo-pack-xt60-hr-tech.html,Turnigy Nano-Tech Plus 1000mAh 4S 70C Lipo Pack w/XT60,1000.0,17.85,140.0,14.8,4,14.8,0.10571428571428572,0.8291316526610644,True
https://hobbyking.com/en_us/turnigy-nano-tech-750mah-1s-70c-lipo-pack-2pin-molex-hr-tech.html,Turnigy Nano-Tech Plus 750mAh 1S 70C Lipo Pack (2pin Molex),750.0,5.94,93.0,3.7,1,2.775,0.029838709677419355,0.4671717171717171,True
https://hobbyking.com/en_us/graphene-5000mah-6s-75c.html,Turnigy Graphene Panther 5000mAh 6S 75C Battery Pack,5000.0,104.22,920.0,22.2,6,111.0,0.12065217391304348,1.065054691997697,False
https://hobbyking.com/en_us/graphene-5000mah-3s-75c.html,Turnigy Graphene Panther 5000mAh 3S 75C Battery Pack,5000.0,53.59,490.0,11.1,3,55.5,0.11326530612244898,1.0356409777943645,True
https://hobbyking.com/en_us/graphene-600mah-1s-75c.html,Turnigy Graphene Panther 600mAh 1S 75C Battery Pack,600.0,4.38,51.0,3.7,1,2.22,0.043529411764705886,0.5068493150684932,True
https://hobbyking.com/en_us/graphene-1600mah-4s-75c-normal-pack.html,Turnigy Graphene Panther 1600mAh 4S 75C Battery Pack,1600.0,31.25,212.0,14.8,4,23.68,0.11169811320754716,0.75776,True
https://hobbyking.com/en_us/graphene-1300mah-4s-75c.html,Turnigy Graphene Panther 1300mAh 4S 75C Battery Pack,1300.0,23.81,173.0,14.8,4,19.24,0.11121387283236993,0.8080638387232255,True
https://hobbyking.com/en_us/turnigy-heavy-duty-5000mah-7s-60c-lipo-pack-w-xt90.html,Turnigy Heavy Duty 5000mAh 7S 60C Lipo Pack w/XT90,5000.0,107.19,980.0,25.9,7,129.5,0.13214285714285715,1.2081350872282863,False
https://hobbyking.com/en_us/turnigy-2650mah-3s-20c-lipo-pack-1.html,Turnigy 2650mAh 3S 20C Lipo Pack w/XT60,2650.0,29.77,205.0,11.1,3,29.415,0.14348780487804877,0.9880752435337588,True
https://hobbyking.com/en_us/turnigy-2200mah-2s-25c-lipo-pack-w-xt60.html,Turnigy 2200mAh 2S 25C Lipo Pack w/XT60,2200.0,13.39,130.0,7.4,2,16.28,0.12523076923076923,1.215832710978342,True
https://hobbyking.com/en_us/1600-2s-30c-mini-car-battery.html,Turnigy 1600mAh 2S 30C Mini LiPo Car Battery,1600.0,9.34,85.0,7.4,2,11.84,0.13929411764705882,1.2676659528907923,True
https://hobbyking.com/en_us/turnigy-5000mah-6s-40c-lipo-pack-xt90.html,Turnigy 5000mAh 6S 40C LiPo Pack w/ XT90,5000.0,77.43,805.0,22.2,6,111.0,0.13788819875776398,1.433552886478109,False
https://hobbyking.com/en_us/turnigy-graphene-professional-12000mah-6s-15c-lipo-pack-w-xt90.html,Turnigy Graphene Professional 12000mAh 6S 15C LiPo Pack w/ XT90,12000.0,187.54,1610.0,22.2,6,266.4,0.16546583850931676,1.420496960648395,False
https://hobbyking.com/en_us/turnigy-graphene-professional-10000mah-4s-15c-lipo-pack-w-xt90.html,Turnigy Graphene Professional 10000mAh 4S 15C LiPo Pack w/ XT90,10000.0,139.95,936.0,14.8,4,148.0,0.1581196581196581,1.0575205430510897,False
https://hobbyking.com/en_us/turnigy-graphene-professional-8000mah-6s-15c-lipo-pack-w-xt90.html,Turnigy Graphene Professional 8000mAh 6S 15C LiPo Pack w/XT90 ,8000.0,118.93,1110.0,22.2,6,177.6,0.16,1.4933153956108633,False
https://hobbyking.com/en_us/turnigy-5000mah-5s-30c-lipo-pack-xt-90.html,Turnigy 5000mAh 5S 30C Lipo Pack w/XT-90,5000.0,65.5,620.0,18.5,5,92.5,0.14919354838709678,1.4122137404580153,True
https://hobbyking.com/en_us/turnigy-battery-5000mah-5s-25c-lipo-pack-xt-90.html,Turnigy 5000mAh 5S 25C Lipo Pack w/XT-90,5000.0,51.31,677.0,18.5,5,92.5,0.13663220088626293,1.8027674917170142,True
https://hobbyking.com/en_us/turnigy-battery-5000mah-5s-20c-lipo-pack-xt-90.html,Turnigy 5000mAh 5S 20C Lipo Pack w/XT-60,5000.0,75.92,644.0,18.5,5,92.5,0.14363354037267081,1.2183877766069546,True
https://hobbyking.com/en_us/turnigy-battery-5000mah-4s-25c-lipo-pack-xt-90.html,Turnigy 5000mAh 4S 25C Lipo Pack w/XT-90,5000.0,50.61,552.0,14.8,4,74.0,0.13405797101449277,1.4621616281367318,True
https://hobbyking.com/en_us/turnigy-battery-5000mah-3s-40c-lipo-pack-xt-90.html,Turnigy 5000mAh 3S 40C Lipo Pack w/XT-90,0,34.49,443.0,11.1,3,0.0,0.0,0.0,True
https://hobbyking.com/en_us/turnigy-5000mah-3s-30c-lipo-pack-xt-90.html,Turnigy 5000mAh 3S 30C Lipo Pack w/XT-90,5000.0,37.21,414.0,11.1,3,55.5,0.13405797101449277,1.4915345337274926,True
https://hobbyking.com/en_us/turnigy-battery-5000mah-3s-25c-lipo-pack-xt-90.html,Turnigy 5000mAh 3S 25C Lipo Pack W/XT-90,5000.0,41.68,412.0,11.1,3,55.5,0.13470873786407767,1.331573896353167,True
https://hobbyking.com/en_us/turnigy-5000mah-3s-20c-lipo-pack-xt-90.html,Turnigy 5000mAh 3S 20C LiPo Pack w/XT-60,5000.0,41.68,360.0,11.1,3,55.5,0.15416666666666667,1.331573896353167,True
https://hobbyking.com/en_us/turnigy-5000mah-2s-30c-lipo-pack-xt-90.html,Turnigy 5000mAh 2S 30C Lipo Pack w/XT-90,5000.0,21.92,301.0,7.4,2,37.0,0.12292358803986711,1.687956204379562,True
https://hobbyking.com/en_us/turnigy-5000mah-2s-20c-lipo-pack-xt-90.html,Turnigy 5000mAh 2S 20C Lipo Pack w/XT-90,5000.0,15.69,282.0,7.4,2,37.0,0.13120567375886524,2.3581899298916507,True
https://hobbyking.com/en_us/turnigy-battery-4500mah-6s-30c-lipo-pack-xt-90.html,Turnigy 4500mAh 6S 30C Lipo Pack w/XT-90,4500.0,80.39,745.0,22.2,6,99.9,0.13409395973154364,1.2426918770991418,True
https://hobbyking.com/en_us/turnigy-4000mah-5s-30c-lipo-pack-xt-60.html,Turnigy 4000mAh 5S 30C Lipo Pack w/XT-60,5000.0,68.48,536.0,18.5,5,92.5,0.17257462686567165,1.3507593457943925,True
https://hobbyking.com/en_us/turnigy-battery-4000mah-4s-30c-lipo-pack-xt-60.html,Turnigy 4000mAh 4S 30C Lipo Pack w/XT-60,4000.0,52.1,452.0,14.8,4,59.2,0.13097345132743363,1.1362763915547025,True
https://hobbyking.com/en_us/turnigy-4000mah-3s-30c-lipo-pack-xt-60.html,Turnigy 4000mAh 3S 30C Lipo Pack w/XT-60,4000.0,40.19,347.0,11.1,3,44.4,0.12795389048991354,1.104752425976611,True
https://hobbyking.com/en_us/turnigy-battery-4000mah-2s-30c-lipo-pack-xt-60.html,Turnigy 4000mAh 2S 30C Lipo Pack XT-60,4000.0,16.38,245.0,7.4,2,29.6,0.12081632653061225,1.8070818070818073,True
https://hobbyking.com/en_us/turnigy-battery-3600mah-4s-30c-lipo-pack-xt-60.html,Turnigy 3600mAh 4S 30C Lipo Pack w/XT-60,3600.0,52.84,395.0,14.8,4,53.28,0.13488607594936708,1.008327024981075,True
https://hobbyking.com/en_us/turnigy-3600mah-3s-30c-lipo-pack-xt-60.html,Turnigy 3600mAh 3S 30C Lipo Pack w/XT-60,3600.0,39.44,321.0,11.1,3,39.96,0.12448598130841122,1.013184584178499,True
https://hobbyking.com/en_us/turnigy-3300mah-6s-30c-lipo-pack-xt-60.html,Turnigy 3300mAh 6S 30C Lipo Pack w/XT-60,3300.0,61.03,505.0,22.2,6,73.26,0.1450693069306931,1.2003932492216942,True
https://hobbyking.com/en_us/turnigy-3300mah-5s-30c-lipo-pack-xt-60.html,Turnigy 3300mAh 5S 30C Lipo Pack w/XT-60,3300.0,41.13,480.0,18.5,5,61.05,0.12718749999999998,1.4843180160466811,True
https://hobbyking.com/en_us/turnigy-battery-3300mah-4s-30c-lipo-pack-xt-60.html,Turnigy 3300mAh 4S 30C Lipo Pack XT-60,3300.0,44.66,385.0,14.8,4,48.84,0.12685714285714286,1.0935960591133007,True
https://hobbyking.com/en_us/turnigy-battery-3000mah-6s-40c-lipo-pack-xt-60.html,Turnigy 3000mAh 6S 40C Lipo Pack w/XT-60,3000.0,65.5,522.0,22.2,6,66.6,0.1275862068965517,1.0167938931297709,True
https://hobbyking.com/en_us/turnigy-battery-3000mah-4s-40c-lipo-pack-xt-60.html,Turnigy 3000mAh 4S 40C Lipo Pack w/XT-60,3000.0,35.72,330.0,14.8,4,44.4,0.13454545454545455,1.2430011198208286,True
https://hobbyking.com/en_us/turnigy-battery-3000mah-3s-20c-lipo-pack-xt-60.html,Turnigy 3000mAh 3S 20C Lipo Pack w/XT-60,3000.0,32.74,238.0,11.1,3,33.3,0.1399159663865546,1.0171044593769087,True
https://hobbyking.com/en_us/turnigy-battery-3000mah-2s-40c-lipo-pack-xt-60.html,Turnigy 3000mAh 2S 40C Lipo Pack w/XT-60,3000.0,18.03,198.0,7.4,2,22.2,0.11212121212121212,1.2312811980033276,True
https://hobbyking.com/en_us/turnigy-battery-2650mah-3s-30c-lipo-pack-xt-60.html,Turnigy 2650mAh 3S 30C Lipo Pack w/XT-60,2650.0,29.77,232.0,11.1,3,29.415,0.12678879310344826,0.9880752435337588,True
https://hobbyking.com/en_us/turnigy-nano-tech-6000mah-4s-25-50c-lipo-pack-xt-90.html,Turnigy Nano-tech 6000mAh 4S 25~50C LiPo Pack w/XT90,6000.0,44.85,623.0,14.8,4,88.8,0.14253611556982343,1.9799331103678928,True
https://hobbyking.com/en_us/turnigy-nano-tech-5000mah-6s-35-70c-lipo-pack-xt-90.html,Turnigy nano-tech 5000mAh 6S 35~70C Lipo Pack w/XT-90,5000.0,82.15,786.0,22.2,6,111.0,0.14122137404580154,1.3511868533171028,False
https://hobbyking.com/en_us/turnigy-battery-nano-tech-5000mah-3s-65-130c-lipo-pack-xt-90.html,Turnigy nano-tech 5000mah 3S 65~130C Lipo Pack w/XT-90,5000.0,42.87,442.0,11.1,3,55.5,0.1255656108597285,1.2946116165150456,True
https://hobbyking.com/en_us/turnigy-nano-tech-4500mah-3s-35-70c-lipo-pack-xt-60.html,Turnigy nano-tech 4500mAh 3S 35~70C Lipo Pack w/XT-90,4500.0,37.66,372.0,11.1,3,49.95,0.1342741935483871,1.3263409453000532,True
https://hobbyking.com/en_us/turnigy-battery-nano-tech-2700mah-3s-65-130c-lipo-pack-xt-60.html,Turnigy nano-tech 2700mah 3S 65~130C Lipo Pack w/XT-60,2700.0,30.54,255.0,11.1,3,29.97,0.11752941176470588,0.981335952848723,True
https://hobbyking.com/en_us/turnigy-battery-heavy-duty-4000mah-4s-60c-lipo-pack-xt-90.html,Turnigy Heavy Duty 4000mAh 4S 60C Lipo Pack w/XT-90,4000.0,56.57,480.0,14.8,4,59.2,0.12333333333333334,1.0464910730068941,True
https://hobbyking.com/en_us/turnigy-battery-heavy-duty-4000mah-3s-60c-lipo-pack-xt-90.html,Turnigy Heavy Duty 4000mAh 3S 60C Lipo Pack w/XT-90,4000.0,47.63,365.0,11.1,3,44.4,0.12164383561643835,0.932185597312618,True
https://hobbyking.com/en_us/turnigy-heavy-duty-3300mah-3s-60c-lipo-pack-xt-90.html,Turnigy Heavy Duty 3300mAh 3S 60C Lipo Pack w/XT-90,3300.0,41.68,291.0,11.1,3,36.63,0.12587628865979383,0.8788387715930903,True
https://hobbyking.com/en_us/turnigy-heavy-duty-5000mah-4s-60c-lipo-pack-w-xt-90.html,Turnigy Heavy Duty 5000mAh 4S 60C Lipo Pack w/XT-90,5000.0,55.03,516.0,14.8,4,74.0,0.1434108527131783,1.344721061239324,True
https://hobbyking.com/en_us/turnigy-heavy-duty-5000mah-3s-60c-lipo-pack-w-xt-90.html,Turnigy Heavy Duty 5000mAh 3S 60C Lipo Pack w/XT-90,5000.0,53.59,440.0,11.1,3,55.5,0.12613636363636363,1.0356409777943645,True
https://hobbyking.com/en_us/turnigy-heavy-duty-2200mah-3s-60c-lipo-pack-w-xt60.html,Turnigy Heavy Duty 2200mAh 3S 60C Lipo Pack w/XT60 ,2200.0,22.32,193.0,11.1,3,24.42,0.12652849740932642,1.0940860215053765,True
https://hobbyking.com/en_us/turnigy-3000mah-5s-20c-lipo-pack-1.html,Turnigy 3000mAh 5S 20C Lipo Pack With XT60 ,3000.0,40.19,392.0,18.5,5,55.5,0.14158163265306123,1.380940532470764,True
https://hobbyking.com/en_us/turnigy-2000mah-1s-1c-lipoly-w-2-pin-jst-ph-connector.html,Turnigy 2000mAh 1S 1C Lipo w/ 2 Pin JST-PH Connector,2000.0,7.71,33.0,3.7,1,7.4,0.22424242424242424,0.959792477302205,True
https://hobbyking.com/en_us/turnigy-nano-tech-450mah-3s-65c-lipo-e-flite-compatible-blade-180cfx-eflb4503sj30.html,Turnigy nano-tech 450mAh 3S 65C Lipo (E-flite Compatible Blade 180CFX EFLB4503SJ30),450.0,11.9,40.0,11.1,3,4.995,0.124875,0.4197478991596639,True
https://hobbyking.com/en_us/turnigy-nano-tech-1200mah-2s-15-30c-lipo-airsoft-pack-t-connector.html,Turnigy nano-tech 1200mAh 2S 15~30C Lipo AIRSOFT Pack (T-Connector),1200.0,8.8,68.0,7.4,2,8.88,0.13058823529411767,1.009090909090909,True
https://hobbyking.com/en_us/turnigy-nano-tech-2000mah-2s-15-30c-lipo-airsoft-pack-t-connector.html,Turnigy nano-tech 2000mAh 2S 15~30C Lipo AIRSOFT Pack (T-Connector),2000.0,14.61,109.0,7.4,2,14.8,0.13577981651376148,1.0130047912388775,True
https://hobbyking.com/en_us/turnigy-1500mah-3s-30c-lipo-e-flite-compatible-eflb15003s.html,Turnigy Nano-Tech 1500mAh 3S 30C Lipo (E-flite Compatible EFLB15003S),1500.0,16.11,144.0,11.1,3,16.65,0.11562499999999999,1.0335195530726256,True
https://hobbyking.com/en_us/turnigy-nano-tech-1200mah-3s-25-50c-lipo-airsoft-pack-1.html,Turnigy nano-tech 1200mAh 3S 25-50C Lipo AIRSOFT Pack,1200.0,14.35,85.0,11.1,3,13.32,0.15670588235294117,0.9282229965156795,True
https://hobbyking.com/en_us/turnigy-nano-tech-1200mah-2s-25-50c-lipo-airsoft-pack-1.html,Turnigy nano-tech 1200mAh 2S 25-50C Lipo AIRSOFT Pack,1200.0,9.23,59.0,7.4,2,8.88,0.1505084745762712,0.9620801733477791,True
https://hobbyking.com/en_us/turnigy-nano-tech-1200mah-3s-25-50c-lipo-airsoft-pack.html,Turnigy nano-tech 1200mAh 3S 25-50C Lipo AIRSOFT Pack,1200.0,14.35,80.0,11.1,3,13.32,0.1665,0.9282229965156795,True
https://hobbyking.com/en_us/turnigy-nano-tech-1200mah-2s-25-50c-lipo-airsoft-pack.html,Turnigy nano-tech 1200mAh 2S 25-50C Lipo AIRSOFT Pack,1200.0,9.35,64.0,7.4,2,8.88,0.13875,0.9497326203208557,True
https://hobbyking.com/en_us/turnigy-nano-tech-1500mah-2s-20-40c-lipo-airsoft-pack.html,Turnigy nano-tech 1500mAh 2S 20-40C Lipo AIRSOFT Pack,1500.0,11.67,80.0,7.4,2,11.1,0.13874999999999998,0.9511568123393316,True
https://hobbyking.com/en_us/turnigy-nano-tech-1000mah-3s-20-40c-lipo-airsoft-pack-1.html,Turnigy nano-tech 1000mAh 3S 20-40C Lipo AIRSOFT Pack,1000.0,12.67,78.0,11.1,3,11.1,0.1423076923076923,0.8760852407261247,True
https://hobbyking.com/en_us/turnigy-nano-tech-1000mah-3s-20-40c-lipo-airsoft-pack.html,Turnigy nano-tech 1000mAh 3S 20-40C Lipo AIRSOFT Pack,1000.0,12.67,72.0,11.1,3,11.1,0.15416666666666667,0.8760852407261247,True
https://hobbyking.com/en_us/turnigy-nano-tech-1000mah-2s-20-40c-lipo-airsoft-pack.html,Turnigy nano-tech 1000mah 2S 20~40C Lipo AIRSOFT Pack,1000.0,8.77,51.0,7.4,2,7.4,0.1450980392156863,0.8437856328392247,True
https://hobbyking.com/en_us/turnigy-nano-tech-1500mah-3s-35-70c-lipo-pack.html,Turnigy nano-tech 1500mah 3S 35~70C Lipo Pack,1500.0,17.69,138.0,11.1,3,16.65,0.12065217391304346,0.9412097230073486,True
https://hobbyking.com/en_us/turnigy-nano-tech-1500mah-2s-35-70c-lipo-pack.html,Turnigy nano-tech 1500mah 2S 35~70C Lipo Pack,1500.0,17.11,100.0,7.4,2,11.1,0.111,0.6487434248977206,True
https://hobbyking.com/en_us/turnigy-nano-tech-1500mah-3s-25-50c-lipo-pack.html,Turnigy nano-tech 1500mah 3S 25~50C Lipo Pack,1500.0,15.53,139.0,11.1,3,16.65,0.1197841726618705,1.0721184803605923,True
https://hobbyking.com/en_us/turnigy-nano-tech-3000mah-2s2p-20-40c-lipo-receiver-pack.html,Turnigy nano-tech 3000mAh 2S2P 20~40C Lipo Receiver Pack,3000.0,16.57,175.0,7.4,2,22.2,0.12685714285714286,1.3397706698853349,True
https://hobbyking.com/en_us/turnigy-nano-tech-2000mah-2s1p-20-40c-lipo-receiver-pack.html,Turnigy nano-tech 2000mAh 2S1P 20~40C Lipo Receiver Pack,2000.0,11.9,110.0,7.4,2,14.8,0.13454545454545455,1.2436974789915967,True
https://hobbyking.com/en_us/turnigy-nano-tech-2000mah-2s1p-20-40c-lifepo4-transmitter-pack.html,Turnigy nano-tech 2000mAh 2S1P 20~40C LiFePo4 Transmitter Pack,2000.0,11.9,112.0,6.6,2,13.2,0.11785714285714285,1.1092436974789914,True
https://hobbyking.com/en_us/turnigy-nano-tech-2100mah-2s1p-20c-lifepo4-transmitter-pack.html,Turnigy nano-tech 2100mAh 2S1P 20C LiFePo4 Transmitter Pack,2100.0,14.38,115.0,6.6,2,13.86,0.12052173913043478,0.9638386648122391,True
https://hobbyking.com/en_us/turnigy-nano-tech-2500mah-3s1p-5-10c-transmitter-lipo-pack-old-style-futaba-specs.html,Turnigy nano-tech 2500mAh 3S1P 5~10C Transmitter LiPo Pack (Old-Style Futaba Specs),2500.0,22.32,155.0,11.1,3,27.75,0.17903225806451614,1.243279569892473,True
https://hobbyking.com/en_us/turnigy-nano-tech-2500mah-3s1p-5-10c-transmitter-lipo-pack.html,Turnigy nano-tech 2500mAh 3S1P 5~10C Transmitter Lipo Pack,2500.0,22.32,179.0,11.1,3,27.75,0.15502793296089384,1.243279569892473,True
https://hobbyking.com/en_us/turnigy-nano-tech-950mah-1s-25-50c-lipo-pack-walkera-v120-x100.html,"Turnigy nano-tech 950mah 1S 25~50C Lipo Pack (Walkera V120, X100)",950.0,4.63,25.0,3.7,1,3.515,0.1406,0.7591792656587474,True
https://hobbyking.com/en_us/turnigy-nano-tech-750mah-1s-35-70c-lipo-pack-fits-nine-eagles-solo-pro-180.html,Turnigy nano-tech 750mah 1S 35~70C Lipo Pack (Fits Nine Eagles Solo-Pro 180) ,750.0,6.83,18.0,3.7,1,2.775,0.15416666666666667,0.4062957540263543,True
https://hobbyking.com/en_us/turnigy-700mah-3s-60c-xt30.html,Turnigy 700mAh 3S 60C Lipo Pack (XT30),700.0,16.36,80.0,11.1,3,7.77,0.09712499999999999,0.47493887530562345,True
https://hobbyking.com/en_us/turnigy-graphene-3000mah-3s-15c-w-xt60.html,Turnigy Graphene Professional 3000mAh 3S 15C LiPo Pack w/XT60,3000.0,32.74,243.0,11.1,3,33.3,0.137037037037037,1.0171044593769087,True
https://hobbyking.com/en_us/turnigy-2500mah-3s-30c-lipoly-pack-w-ec3-e-flite-compatible-eflb25003s30.html,Turnigy 2500mAh 3S 30C LiPoly Pack w/ EC3 (E-flite Compatible EFLB25003S30) ,2500.0,23.05,228.0,11.2,3,28.0,0.12280701754385964,1.2147505422993492,True
https://hobbyking.com/en_us/turnigy-1500mah-3s-20c-lipoly-pack-w-ec3-e-flite-compatible.html,Turnigy 1500mAh 3S 20C LiPoly Pack w/ EC3 (E-flite Compatible) ,1500.0,13.8,125.0,11.2,3,16.8,0.13440000000000002,1.2173913043478262,True
https://hobbyking.com/en_us/turnigy-1250mah-2s-20c-lipoly-pack-w-ec3-e-flite-compatible-eflb12502s.html,Turnigy 1250mAh 2S 20C LiPoly Pack w/ EC3 (E-flite Compatible EFLB12502S) ,1250.0,9.74,76.0,7.4,2,9.25,0.12171052631578948,0.9496919917864476,True
https://hobbyking.com/en_us/turnigy-1250mah-3s-30c-lipo-pack-long.html,Turnigy 1250mAh 3S 30C Lipo Pack (Long),1250.0,14.12,99.0,11.1,3,13.875,0.14015151515151514,0.9826487252124646,True
https://hobbyking.com/en_us/turnigy-800mah-3s-20c-lipo-pack.html,Turnigy 800mAh 3S 20C Lipo Pack,800.0,16.36,80.0,11.1,3,8.88,0.11100000000000002,0.5427872860635697,True
https://hobbyking.com/en_us/turnigy-nano-tech-2000mah-2s-15-25c-lipo-airsoft-pack-1.html,Turnigy nano-tech 2000mah 2S 15~25C Lipo AIRSOFT Pack,2000.0,14.61,109.0,7.4,2,14.8,0.13577981651376148,1.0130047912388775,True
https://hobbyking.com/en_us/turnigy-nano-tech-1800mah-2s-25-50c-lipo-airsoft-pack-1.html,Turnigy nano-tech 1800mah 2S 25~50C Lipo AIRSOFT Pack,1800.0,6.86,103.0,7.4,2,13.32,0.12932038834951456,1.9416909620991254,True
https://hobbyking.com/en_us/turnigy-nano-tech-1800mah-2s-20-40c-lipo-airsoft-pack-1.html,Turnigy nano-tech 1800mah 2S 20~40C Lipo AIRSOFT Pack,1800.0,11.73,103.0,7.4,2,13.32,0.12932038834951456,1.1355498721227621,True
https://hobbyking.com/en_us/turnigy-nano-tech-1800mah-2s-20-40c-lipo-airsoft-pack.html,Turnigy nano-tech 1800mah 2S 20~40C Lipo AIRSOFT Pack,1800.0,9.29,100.0,7.4,2,13.32,0.1332,1.4337997847147472,True
https://hobbyking.com/en_us/turnigy-nano-tech-1400mah-2s-15-25c-lipo-airsoft-pack.html,Turnigy nano-tech 1400mah 2S 15~25C Lipo AIRSOFT Pack,1400.0,10.9,76.0,7.4,2,10.36,0.1363157894736842,0.9504587155963302,True
https://hobbyking.com/en_us/turnigy-nano-tech-1300mah-2s-25-50c-lipo-airsoft-pack-1.html,Turnigy Nano-Tech 1300mah 2S 25~50C Lipo AIRSOFT Pack,1300.0,8.13,80.0,7.4,2,9.62,0.12025,1.183271832718327,True
https://hobbyking.com/en_us/turnigy-nano-tech-1300mah-2s-25-50c-lipo-airsoft-pack.html,Turnigy Nano-Tech 1300mah 2S 25~50C LiPo AIRSOFT Pack,1300.0,10.96,79.0,7.4,2,9.62,0.12177215189873417,0.8777372262773722,True
https://hobbyking.com/en_us/turnigy-nano-tech-1200mah-2s-15-25c-lipo-airsoft-pack-1.html,Turnigy nano-tech 1200mah 2S 15~25C Lipo AIRSOFT Pack,1200.0,6.55,1.0,7.4,2,8.88,8.88,1.3557251908396948,True
https://hobbyking.com/en_us/turnigy-nano-tech-1200mah-3s-15-25c-lipo-airsoft-pack.html,Turnigy nano-tech 1200mah 3S 15~25C Lipo AIRSOFT Pack,1200.0,12.76,94.0,11.1,3,13.32,0.14170212765957446,1.0438871473354232,True
https://hobbyking.com/en_us/turnigy-nano-tech-1200mah-2s-15-25c-lipo-airsoft-pack.html,Turnigy nano-tech 1200mah 2S 15~25C Lipo AIRSOFT Pack,1200.0,8.8,64.0,7.4,2,8.88,0.13875,1.009090909090909,True
https://hobbyking.com/en_us/turnigy-nano-tech-850mah-4s-25-50c-lipo-pack.html,Turnigy nano-tech 850mah 4S 25~50C Lipo Pack,850.0,10.41,94.0,14.8,4,12.58,0.13382978723404254,1.2084534101825168,True
https://hobbyking.com/en_us/turnigy-nano-tech-850mah-3s-25-40c-lipo-pack.html,Turnigy nano-tech 850mah 3S 25~40C Lipo Pack,850.0,16.36,69.0,11.1,3,9.435,0.1367391304347826,0.5767114914425429,True
https://hobbyking.com/en_us/turnigy-nano-tech-370mah-3s-25-40c-lipo-pack.html,Turnigy nano-tech 370mah 3S 25~40C Lipo Pack,370.0,8.92,39.0,11.1,3,4.107,0.10530769230769231,0.4604260089686099,True
https://hobbyking.com/en_us/turnigy-nano-tech-350mah-1s-65-130c-lipo-pack.html,Turnigy nano-tech 350mah 1S 65~130C Lipo Pack,350.0,4.45,15.0,3.7,1,1.295,0.08633333333333333,0.2910112359550561,True
https://hobbyking.com/en_us/turnigy-nano-tech-2200mah-3s-45-90c-lipo-pack.html,Turnigy nano-tech 2200mah 3S 45~90C Lipo Pack,2200.0,26.79,201.0,11.1,3,24.42,0.12149253731343285,0.9115341545352744,True
https://hobbyking.com/en_us/turnigy-nano-tech-2200mah-3s-35-70c-lipo-pack.html,Turnigy nano-tech 2200mah 3S 35~70C Lipo Pack,2200.0,20.09,199.0,11.1,3,24.42,0.12271356783919599,1.2155301144848185,True
https://hobbyking.com/en_us/turnigy-nano-tech-2200mah-2s-25-50c-lipo-pack.html,Turnigy nano-tech 2200mah 2S 25~50C Lipo Pack,2200.0,13.39,133.0,7.4,2,16.28,0.12240601503759399,1.215832710978342,True
https://hobbyking.com/en_us/turnigy-nano-tech-1800mah-4s-35-70c-lipo-pack.html,Turnigy nano-tech 1800mah 4S 35~70C Lipo Pack,1800.0,30.51,207.0,14.8,4,26.64,0.12869565217391304,0.8731563421828908,True
https://hobbyking.com/en_us/turnigy-nano-tech-1800mah-3s-65-130c-lipo-pack.html,Turnigy nano-tech 1800mah 3S 65~130C Lipo Pack,1800.0,26.79,171.0,11.1,3,19.98,0.1168421052631579,0.7458006718924972,True
https://hobbyking.com/en_us/turnigy-nano-tech-1600mah-4s-25-50c-lipo-pack.html,Turnigy nano-tech 1600mah 4S 25~50C Lipo Pack,1600.0,20.88,182.0,14.8,4,23.68,0.1301098901098901,1.1340996168582376,True
https://hobbyking.com/en_us/turnigy-nano-tech-1600mah-3s-25-50c-lipo-pack.html,Turnigy nano-tech 1600mah 3S 25~50C Lipo Pack,1600.0,15.72,143.0,11.1,3,17.76,0.12419580419580421,1.1297709923664123,True
https://hobbyking.com/en_us/turnigy-nano-tech-1000mah-4s-45-90c-lipo-pack.html,Turnigy nano-tech 1000mAh 4S 45~90C Lipo Pack,1000.0,17.85,131.0,14.8,4,14.8,0.11297709923664123,0.8291316526610644,True
https://hobbyking.com/en_us/turnigy-nano-tech-1000mah-3s-25-50c-lipo-pack.html,Turnigy nano-tech 1000mah 3S 25~50C Lipo Pack,1000.0,12.95,109.0,11.1,3,11.1,0.10183486238532109,0.8571428571428572,True
https://hobbyking.com/en_us/turnigy-nano-tech-1000mah-2s-25-50c-lipo-pack.html,Turnigy nano-tech 1000mah 2S 25~50C Lipo Pack,1000.0,10.41,78.0,7.4,2,7.4,0.09487179487179488,0.7108549471661864,True
https://hobbyking.com/en_us/turnigy-800mah-3s-30c-lipo-pack.html,Turnigy 800mAh 3S 30C Lipo Pack,800.0,11.15,81.0,11.1,3,8.88,0.10962962962962963,0.7964125560538117,True
https://hobbyking.com/en_us/turnigy-800mah-3s-20c-lipo-pack-e-flight-compatible-eflb0995.html,Turnigy 800mAh 3S 20C Lipo Pack (E-flight Compatible EFLB0995),800.0,16.36,72.0,11.1,3,8.88,0.12333333333333335,0.5427872860635697,True
https://hobbyking.com/en_us/turnigy-800mah-2s-30c-lipo-pack.html,Turnigy 800mAh 2S 30C Lipo Pack,800.0,13.39,59.0,7.4,2,5.92,0.10033898305084746,0.4421209858103062,True
https://hobbyking.com/en_us/turnigy-800mah-2s-20c-lipo-pack-parkzone-compatible-pkz1032.html,Turnigy 800mAh 2S 20C Lipo Pack (Parkzone Compatible PKZ1032),800.0,12.64,50.0,7.4,2,5.92,0.1184,0.46835443037974683,True
https://hobbyking.com/en_us/turnigy-5000mah-1s-20c-lipoly-single-cell.html,Turnigy 5000mAh 1S 20C Lipoly (Single Cell),5000.0,12.33,114.0,3.7,1,18.5,0.16228070175438597,1.5004055150040552,True
https://hobbyking.com/en_us/turnigy-500mah-2s-20c-lipo-pack.html,Turnigy 500mAh 2S 20C Lipo Pack,500.0,5.96,36.0,7.4,2,3.7,0.10277777777777779,0.6208053691275168,True
https://hobbyking.com/en_us/turnigy-3600mah-2s-12c-lipo-receiver-pack.html,Turnigy 3600mAh 2S 12C Lipo Receiver Pack,3600.0,19.88,173.0,7.4,2,26.64,0.1539884393063584,1.3400402414486923,True
https://hobbyking.com/en_us/turnigy-2200mah-3s-30c-lipo-pack.html,Turnigy 2200mAh 3S 30C Lipo Pack,2200.0,15.62,197.0,11.1,3,24.42,0.12395939086294418,1.563380281690141,True
https://hobbyking.com/en_us/turnigy-2200mah-2s-30c-lipo-pack.html,Turnigy 2200mAh 2S 30C Lipo Pack,2200.0,14.13,135.0,7.4,2,16.28,0.1205925925925926,1.1521585279547064,True
https://hobbyking.com/en_us/turnigy-1800mah-3s-40c-lipo-pack.html,Turnigy 1800mAh 3S 40C Lipo Pack,1800.0,23.06,168.0,11.1,3,19.98,0.11892857142857143,0.8664353859496965,True
https://hobbyking.com/en_us/turnigy-1800mah-3s-20c-lipo-pack.html,Turnigy 1800mAh 3S 20C Lipo Pack,1800.0,25.3,153.0,11.1,3,19.98,0.13058823529411764,0.7897233201581028,True
https://hobbyking.com/en_us/turnigy-1800mah-2s-20c-lipo-pack.html,Turnigy 1800mAh 2S 20C Lipo Pack,1800.0,24.55,110.0,7.4,2,13.32,0.1210909090909091,0.5425661914460285,True
https://hobbyking.com/en_us/turnigy-1600mah-3s-30c-lipo-pack.html,Turnigy 1600mAh 3S 30C Lipo Pack,1600.0,15.93,128.0,11.1,3,17.76,0.13875,1.1148775894538607,True
https://hobbyking.com/en_us/turnigy-1600mah-3s-20c-lipo-pack.html,Turnigy 1600mAh 3S 20C Lipo Pack,1600.0,14.68,142.0,11.1,3,17.76,0.12507042253521128,1.2098092643051772,True
https://hobbyking.com/en_us/turnigy-1600mah-2s-30c-lipo-pack.html,Turnigy 1600mAh 2S 30C Lipo Pack,1600.0,12.45,91.0,7.4,2,11.84,0.1301098901098901,0.9510040160642571,True
https://hobbyking.com/en_us/turnigy-1600mah-2s-20c-losi-mini-sct-pack-part-losb1212.html,Turnigy 1600mAh 2S 20C Losi Mini SCT Pack (Part LOSB1212),1100.0,10.68,92.0,7.2,2,7.92,0.08608695652173913,0.7415730337078652,True
https://hobbyking.com/en_us/turnigy-1500mah-3s-25c-lipo-pack.html,Turnigy 1500mAh 3S 25C Lipo Pack,1500.0,17.11,127.0,11.1,3,16.65,0.1311023622047244,0.973115137346581,True
https://hobbyking.com/en_us/turnigy-1500mah-3s-20c-lipo-pack.html,Turnigy 1500mAh 3S 20C Lipo Pack,1500.0,16.36,133.0,11.1,3,16.65,0.12518796992481201,1.017726161369193,True
https://hobbyking.com/en_us/turnigy-1300mah-6s-35c-lipo-pack-450-helicopter-hk-trex-rave-e4-etc.html,Turnigy 1300mAh 6S 35C Lipo Pack (450 helicopter HK/Trex/Rave/E4 etc),1300.0,37.21,218.0,22.2,6,28.86,0.13238532110091744,0.7755979575382961,True
https://hobbyking.com/en_us/turnigy-1300mah-2s-20c-lipo-pack.html,Turnigy 1300mAh 2S 20C Lipo Pack,1300.0,11.9,81.0,7.4,2,9.62,0.11876543209876542,0.8084033613445377,True
https://hobbyking.com/en_us/turnigy-1000mah-2s-30c-lipo-pack.html,Turnigy 1000mAh 2S 30C Lipo Pack,1000.0,11.9,70.0,7.4,2,7.4,0.10571428571428572,0.6218487394957983,True
https://hobbyking.com/en_us/turnigy-1000mah-2s-20c-lipo-pack.html,Turnigy 1000mAh 2S 20C LiPoly Pack,1000.0,10.41,59.0,7.4,2,7.4,0.12542372881355932,0.7108549471661864,True
https://hobbyking.com/en_us/turnigy-rapid-6000mah-3s-11-1v-100c-lipo-battery-pack-w-xt60-connector.html,Turnigy Rapid 6000mAh 3S (11.1V) 100C LiPo Battery Pack w/XT60 Connector For RC Cars,6000.0,53.14,440.0,11.1,3,66.6,0.15136363636363634,1.2532931878057958,True
https://hobbyking.com/en_us/turnigy-rapid-5000mah-2s-7-4v-100c-lipo-battery-pack-w-t-connector.html,Turnigy Rapid 5000mAh 2S (7.4V) 100C LiPo Battery Pack w/T-Connector For RC Cars,5000.0,22.16,270.0,7.4,2,37.0,0.13703703703703704,1.6696750902527075,True
https://hobbyking.com/en_us/turnigy-rapid-5000mah-3s-11-1v-100c-lipo-battery-pack-w-xt60-connector.html,Turnigy Rapid 5000mAh 3S (11.1V) 100C LiPo Battery Pack w/XT60 Connector For RC Cars,5000.0,32.56,380.0,11.1,3,55.5,0.14605263157894738,1.7045454545454544,True
https://hobbyking.com/en_us/turnigy-rapid-6000mah-3s-11-1v-100c-lipo-battery-pack-w-ec5-connector.html,Turnigy Rapid 6000mAh 3S (11.1V) 100C LiPo Battery Pack w/EC5 Connector For RC Cars,6000.0,46.89,440.0,11.1,3,66.6,0.15136363636363634,1.420345489443378,True
https://hobbyking.com/en_us/turnigy-rapid-6000mah-2s-7-4v-100c-lipo-battery-pack-w-ec5-connector.html,Turnigy Rapid 6000mAh 2S (7.4V) 100C LiPo Battery Pack w/EC5 Connector For RC Cars,6000.0,20.7,310.0,7.4,2,44.4,0.1432258064516129,2.1449275362318843,True
https://hobbyking.com/en_us/turnigy-rapid-5000mah-6s-22-2v-100c-lipo-battery-pack-w-ec5-connector.html,Turnigy Rapid 5000mAh 6S (22.2V) 100C LiPo Battery Pack w/EC5 Connector For RC Cars,5000.0,66.99,713.0,22.2,6,111.0,0.15568022440392706,1.6569637259292433,False
https://hobbyking.com/en_us/turnigy-rapid-5000mah-4s-14-8v-100c-lipo-battery-pack-w-ec5-connector.html,Turnigy Rapid 5000mAh 4S (14.8V) 100C LiPo Battery Pack w/EC5 Connector For RC Cars,5000.0,44.66,490.0,14.8,4,74.0,0.1510204081632653,1.6569637259292433,True
https://hobbyking.com/en_us/turnigy-rapid-5000mah-4s-14-8v-100c-lipo-battery-pack-w-xt90-connector.html,Turnigy Rapid 5000mAh 4S (14.8V) 100C LiPo Battery Pack w/XT90 Connector For RC Cars,5000.0,43.02,490.0,14.8,4,74.0,0.1510204081632653,1.720130172013017,True
https://hobbyking.com/en_us/turnigy-rapid-5000mah-3s-11-1v-100c-lipo-battery-pack-w-ec5-connector.html,Turnigy Rapid 5000mAh 3S (11.1V) 100C LiPo Battery Pack w/EC5 Connector For RC Cars,5000.0,33.49,380.0,11.1,3,55.5,0.14605263157894738,1.657211107793371,True
https://hobbyking.com/en_us/turnigy-rapid-5000mah-2s-7-4v-100c-lipo-battery-pack-w-xt90-connector.html,Turnigy Rapid 5000mAh 2S (7.4V) 100C LiPo Battery Pack w/XT90 Connector For RC Cars,5000.0,23.44,270.0,7.4,2,37.0,0.13703703703703704,1.5784982935153582,True
https://hobbyking.com/en_us/turnigy-heavy-duty-6200mah-4s-60c-lipo-battery-pack-w-tr.html,Turnigy Heavy Duty 6200mAh 4S 60C LiPo Battery Pack w/TR,6200.0,51.34,609.0,14.8,4,91.76,0.15067323481116585,1.7873003506038176,True
https://hobbyking.com/en_us/turnigy-nano-tech-plus-3000mah-3s-70c-lipo-battery-pack-w-xt90.html,Turnigy Nano-Tech Plus 3000mAh 3S 70C LiPo Battery Pack w/XT90,3000.0,34.23,265.0,11.1,3,33.3,0.12566037735849056,0.9728308501314636,True
https://hobbyking.com/en_us/turnigy-nano-tech-300mah-1s-20-40c-lipo-battery-losi-mini-compatible.html,Turnigy Nano-Tech 300mAh 1S 20~40C Lipo Battery (Losi Mini Compatible),300.0,2.1,9.0,3.7,1,1.11,0.12333333333333335,0.5285714285714286,True
https://hobbyking.com/en_us/turnigy-nano-tech-1300mah-2s1p-20-40c-lipo-receiver-battery-pack-w-jst-jr-type-connectors.html,Turnigy Nano-Tech 1300mAh 2S1P 20~40C Lipo Receiver Battery Pack w/JST & JR Type Connectors,1300.0,10.24,88.0,7.4,2,9.62,0.10931818181818181,0.9394531249999999,True
https://hobbyking.com/en_us/turnigy-nano-tech-3300mah-6s-25c-lipo-pack-w-xt90.html,Turnigy Nano-Tech 3300mAh 6S 25C Lipo Pack w/XT90,3300.0,61.03,486.0,22.2,6,73.26,0.15074074074074076,1.2003932492216942,True
https://hobbyking.com/en_us/turnigy-nano-tech-plus-850mah-4s-70c-lipo-pack-w-xt60.html,Turnigy Nano-Tech Plus 850mAh 4S 70C Lipo Pack w/XT60,850.0,17.85,106.0,14.8,4,12.58,0.11867924528301887,0.7047619047619047,True
https://hobbyking.com/en_us/turnigy-rapid-5500mah-2s2p-140c-hardcase-lipo-battery-pack-roar-approved.html,Turnigy Rapid 5500mAh 2S2P 140C Hardcase Lipo Battery Pack (ROAR Approved),5500.0,27.43,276.0,7.4,2,40.7,0.14746376811594203,1.4837768866204886,True
https://hobbyking.com/en_us/turnigy-rapid-3000mah-2s1p-140c-hardcase-shorty-lipo-battery-pack-roar-approved.html,Turnigy Rapid 3000mAh 2S1P 140C Hardcase Shorty Lipo Battery Pack (ROAR Approved),3000.0,17.35,143.0,7.4,2,22.2,0.15524475524475523,1.2795389048991352,True
https://hobbyking.com/en_us/turnigy-850mah-4s-60c-lipo-pack-w-xt30.html,Turnigy 850mAh 4S 60C Lipo Pack w/XT30,850.0,17.85,106.0,14.8,4,12.58,0.11867924528301887,0.7047619047619047,True
https://hobbyking.com/en_us/turnigy-nano-tech-350mah-2s-65c-lipo-pack-w-xt30.html,Turnigy nano-tech 350mAh 2S 65C Lipo Pack w/XT30,350.0,6.12,31.0,7.4,2,2.59,0.08354838709677419,0.42320261437908496,True
https://hobbyking.com/en_us/turnigy-nano-tech-plus-1500mah-4s-70c-lipo-pack-w-xt60.html,Turnigy Nano-Tech Plus 1500mAh 4S 70C Lipo Pack w/XT60,1500.0,23.81,182.0,14.8,4,22.2,0.12197802197802197,0.9323813523729526,True
https://hobbyking.com/en_us/turnigy-nano-tech-plus-2200mah-4s-70c-lipo-pack-w-xt60.html,Turnigy Nano-Tech Plus 2200mAh 4S 70C Lipo Pack w/XT60,2200.0,35.72,26.0,14.8,4,32.56,1.2523076923076923,0.9115341545352744,True
https://hobbyking.com/en_us/turnigy-nano-tech-300mah-1s-45c-lipo-pack-w-jst-ph.html,Turnigy Nano-Tech 300mAh 1S 45C Lipo Pack w/JST-PH,300.0,1.53,5.0,3.7,1,1.11,0.22200000000000003,0.7254901960784315,True
https://hobbyking.com/en_us/turnigy-nano-tech-300mah-2s-45c-lipo-pack-w-xt30.html,Turnigy Nano-Tech 300mAh 2S 45C Lipo Pack w/XT30,300.0,4.76,26.0,7.4,2,2.22,0.08538461538461539,0.4663865546218488,True
https://hobbyking.com/en_us/turnigy-450mah-2s1p-45c-lipo-pack-w-xt30.html,Turnigy 450mAh 2S1P 45C Lipo Pack w/XT30,450.0,7.43,33.0,7.4,2,3.33,0.1009090909090909,0.44818304172274565,True
https://hobbyking.com/en_us/turnigy-nano-tech-500mah-1s-25-50c-lipo-pack-losi-mini-compatible-1.html,Turnigy nano-tech 500mAh 1S 25~50C Lipo Pack (Losi Mini Compatible),500.0,4.45,15.0,3.7,1,1.85,0.12333333333333334,0.4157303370786517,True
https://hobbyking.com/en_us/turnigy-graphene-4000mah-4s-75c-lipo-pack-w-xt90.html,Turnigy Graphene Panther 4000mAh 4S 75C Battery Pack w/XT90,0.0,56.57,526.0,14.8,4,0.0,0.0,0.0,True
https://hobbyking.com/en_us/turnigy-2700mah-3s-20c-lipo-pack.html,Turnigy 2700mAh 3S 20C Lipo Pack,2700.0,23.81,205.0,11.1,3,29.97,0.1461951219512195,1.258714825703486,True
https://hobbyking.com/en_us/turnigy-high-capacity-4000mah-3s2p-12c-multi-rotor-lipo-pack-w-xt60.html,Turnigy High Capacity 4000mAh 3S2P 12C Lipo Pack w/XT60,4000.0,38.7,308.0,11.1,3,44.4,0.14415584415584415,1.1472868217054262,True
https://hobbyking.com/en_us/turnigy-high-capacity-battery-6600mah-6s-12c-drone-lipo-pack-xt90.html,Turnigy High Capacity 6600mAh 6S 12C Lipo Pack w/XT90,6600.0,89.76,860.0,22.2,6,146.52,0.17037209302325582,1.6323529411764706,False
https://hobbyking.com/en_us/turnigy-high-capacity-battery-20000mah-4s-12c-drone-lipo-pack-xt90.html,Turnigy High Capacity 20000mAh 4S 12C Lipo Pack w/XT90,20000.0,223.34,1775.0,14.8,4,296.0,0.1667605633802817,1.325333572132175,False
https://hobbyking.com/en_us/turnigy-1400mah-3s-40c-lipo-pack-w-xt60.html,Turnigy 1400mAh 3S 40C Lipo Pack w/XT60,1400.0,16.74,118.0,11.1,3,15.54,0.1316949152542373,0.9283154121863799,True
https://hobbyking.com/en_us/turnigy-nano-tech-3000mah-3s-30c-lipo-pack-wxt60.html,Turnigy Nano-Tech 3000mAh 3S 30C Lipo Pack w/XT60,3000.0,32.74,98.0,11.1,3,33.3,0.3397959183673469,1.0171044593769087,True
https://hobbyking.com/en_us/turnigy-nano-tech-2200mah-3s-25c-lipo-pack-wxt60.html,Turnigy Nano-Tech 2200mAh 3S 25C Lipo Pack w/XT60,2200.0,16.36,193.0,11.1,3,24.42,0.12652849740932642,1.4926650366748169,True
https://hobbyking.com/en_us/turnigy-nano-tech-5000mah-6s-70c-lipo-pack-w-xt-90-hr-tech.html,Turnigy Nano-Tech Plus 5000mAh 6S 70C Lipo Pack w/XT90,5000.0,89.33,825.0,22.2,6,111.0,0.13454545454545455,1.2425836784954662,False
https://hobbyking.com/en_us/turnigy-nano-tech-850mah-3s-70c-lipo-pack-xt60-hr-tech.html,Turnigy Nano-Tech Plus 850mAh 3S 70C Lipo Pack w/XT60,850.0,16.36,78.0,11.1,3,9.435,0.12096153846153847,0.5767114914425429,True
https://hobbyking.com/en_us/graphene-3000mah-6s-75c.html,Turnigy Graphene Panther 3000mAh 6S 75C Battery Pack,3000.0,68.48,598.0,22.2,6,66.6,0.11137123745819397,0.9725467289719625,True
https://hobbyking.com/en_us/graphene-4000mah-6s-75c.html,Turnigy Graphene Panther 4000mAh 6S 75C Battery Pack,4000.0,91.71,640.0,22.2,6,88.8,0.13874999999999998,0.9682695453058554,True
https://hobbyking.com/en_us/graphene-1600mah-4s-75c-square-pack.html,Turnigy Graphene Panther 1600mAh 4S 75C Square Pack,1600.0,31.25,212.0,14.8,4,23.68,0.11169811320754716,0.75776,True
https://hobbyking.com/en_us/turnigy-9xr-safety-protected-2200mah-3s-1-5c-transmitter-pack.html,Turnigy 9XR Safety Protected 2200mAh 3S 1.5C Transmitter Pack,2200.0,13.39,155.0,11.1,3,24.42,0.1575483870967742,1.8237490664675131,True
https://hobbyking.com/en_us/turnigy-battery-5000mah-2s-40c-lipo-pack-xt-90.html,Turnigy 5000mAh 2S 40C Lipo Pack w/XT-90,5000.0,31.25,308.0,7.4,2,37.0,0.12012987012987013,1.184,True
https://hobbyking.com/en_us/turnigy-battery-3600mah-6s-30c-lipo-pack-xt-60.html,Turnigy 3600mAh 6S 30C Lipo Pack w/XT-60,3600.0,78.9,577.0,22.2,6,79.92,0.1385095320623917,1.0129277566539923,True
https://hobbyking.com/en_us/turnigy-battery-3300mah-3s-30c-lipo-pack-xt-60.html,Turnigy 3300mAh 3S 30C Lipo Pack w/XT-60,3300.0,31.25,297.0,11.1,3,36.63,0.12333333333333334,1.17216,True
https://hobbyking.com/en_us/turnigy-battery-3000mah-4s-20c-lipo-pack-xt-60.html,Turnigy 3000mAh 4S 20C Lipo Pack w/XT-60,3000.0,35.72,337.0,14.8,4,44.4,0.1317507418397626,1.2430011198208286,True
https://hobbyking.com/en_us/turnigy-1500mah-2s-25c-lipoly-battery-xt-60.html,Turnigy 1500mAh 2S 25C Lipoly Battery w/XT60,1500.0,14.18,83.0,7.4,2,11.1,0.13373493975903614,0.7827926657263752,True
https://hobbyking.com/en_us/turnigy-nano-tech-6000mah-3s-25-50c-lipo-pack-xt-60.html,Turnigy nano-tech 6000mAh 3S 25~50C Lipo Pack w/XT-90,6000.0,49.57,468.0,11.1,3,66.6,0.1423076923076923,1.343554569295945,True
https://hobbyking.com/en_us/turnigy-battery-nano-tech-5000mah-2s-45-90c-lipo-pack-xt-90.html,Turnigy nano-tech 5000mah 2S 45~90C Lipo Pack w/XT-90,5000.0,22.17,279.0,7.4,2,37.0,0.13261648745519714,1.6689219666215604,True
https://hobbyking.com/en_us/turnigy-nano-tech-5000mah-2s-35-70c-lipo-pack-xt-90.html,Turnigy nano-tech 5000mAh 2S 35~70C Lipo Pack w/XT-90,5000.0,26.24,286.0,7.4,2,37.0,0.12937062937062938,1.4100609756097562,True
https://hobbyking.com/en_us/turnigy-battery-nano-tech-4500mah-6s-25-50c-lipo-pack-xt-60.html,Turnigy nano-tech 4500mah 6S 25~50C Lipo Pack w/XT-90,4500.0,80.39,687.0,22.2,6,99.9,0.14541484716157205,1.2426918770991418,True
https://hobbyking.com/en_us/turnigy-nano-tech-4500mah-5s-35-70c-lipo-pack-xt-60.html,Turnigy nano-tech 4500mAh 5S 35~70C Lipo Pack w/XT-90,4500.0,69.97,574.0,18.5,5,83.25,0.14503484320557491,1.1897956266971559,True
https://hobbyking.com/en_us/turnigy-battery-nano-tech-4000mah-6s-25-50c-lipo-pack-xt-60.html,Turnigy nano-tech 4000mah 6S 25~50C Lipo Pack w/XT-60,4000.0,74.44,623.0,22.2,6,88.8,0.14253611556982343,1.1929070392262224,True
https://hobbyking.com/en_us/turnigy-nano-tech-2650mah-6s-45-90c-lipo-pack-xt-60.html,Turnigy nano-tech 2650mah 6S 45~90C Lipo Pack w/XT-60,2650.0,56.11,427.0,22.2,6,58.83,0.1377751756440281,1.0484762074496525,True
https://hobbyking.com/en_us/turnigy-battery-nano-tech-2650mah-4s-35-70c-lipo-pack-xt-60.html,Turnigy nano-tech 2650mah 4S 35~70C Lipo Pack w/XT-60,2650.0,44.66,320.0,14.8,4,39.22,0.12256249999999999,0.878190774742499,True
https://hobbyking.com/en_us/turnigy-5000mah-6s-20c-lipo-pack-w-xt-90.html,Turnigy 5000mAh 6S 20C Lipo Pack w/XT60 Connector,5000.0,74.44,765.0,22.2,6,111.0,0.1450980392156863,1.4911337990327782,False
https://hobbyking.com/en_us/turnigy-2200mah-1s-20c-lipoly-single-cell-1.html,Turnigy 2200mAh 1S 20C Lipo (Single Cell),2200.0,3.69,50.0,3.7,1,8.14,0.1628,2.2059620596205964,True
https://hobbyking.com/en_us/turnigy-nano-tech-1000mah-3s-20-40c-lipo-airsoft-pack-t-connector.html,Turnigy nano-tech 1000mAh 3S 20~40C Lipo AIRSOFT Pack(T-connector),1000.0,12.67,72.0,11.1,3,11.1,0.15416666666666667,0.8760852407261247,True
https://hobbyking.com/en_us/turnigy-nano-tech-1300mah-2s-25-50c-lipo-airsoft-pack-t-connector.html,Turnigy Nano-Tech 1300mAh 2S 25~50C LiPo AIRSOFT Pack (T-connector).,1300.0,10.96,79.0,7.4,2,9.62,0.12177215189873417,0.8777372262773722,True
https://hobbyking.com/en_us/turnigy-nano-tech-300mah-2s-45-90c-lipo-pack.html,Turnigy Nano-Tech 300mAh 2S 45~90C LiPo Pack,300.0,4.45,19.0,7.4,2,2.22,0.1168421052631579,0.49887640449438203,True
https://hobbyking.com/en_us/turnigy-nano-tech-300mah-1s-45-90c-lipo-pack-fits-nine-eagles-solo-pro-100.html,Turnigy nano-tech 300mah 1S 45~90C Lipo Pack (Fits Nine Eagles Solo-Pro 100),300.0,3.16,9.0,3.7,1,1.11,0.12333333333333335,0.35126582278481017,True
https://hobbyking.com/en_us/turnigy-nano-tech-450mah-2s-65c-lipo-e-flite-compatible-blade-130x-eflb3002s35.html,Turnigy nano-tech 450mAh 2S 65C Lipo (E-flite Compatible - Blade 130X EFLB3002S35),450.0,7.43,26.0,7.4,2,3.33,0.1280769230769231,0.44818304172274565,True
https://hobbyking.com/en_us/turnigy-nano-tech-300mah-2s-35-70c-lipo-pack.html,Turnigy nano-tech 300mAh 2S 35~70C Lipo Pack,300.0,4.45,20.0,7.4,2,2.22,0.11100000000000002,0.49887640449438203,True
https://hobbyking.com/en_us/turnigy-nano-tech-950mah-2s-25-50c-lipo-pack.html,Turnigy nano-tech 950mah 2S 25~50C Lipo Pack,950.0,7.46,46.0,7.4,2,7.03,0.15282608695652175,0.9423592493297588,True
https://hobbyking.com/en_us/turnigy-1800mah-3s-20c-lipoly-pack-w-ec3-e-flite-compatible-eflb32003s.html,Turnigy 1800mAh 3S 20C LiPoly Pack w/ EC3 (E-flite Compatible EFLB32003S) ,1800.0,22.32,142.0,11.1,3,19.98,0.1407042253521127,0.8951612903225806,True
https://hobbyking.com/en_us/turnigy-nano-tech-2000mah-3s-15-25c-lipo-airsoft-pack-1.html,Turnigy nano-tech 2000mah 3S 15~25C Lipo AIRSOFT Pack,2000.0,21.92,162.0,11.1,3,22.2,0.13703703703703704,1.0127737226277371,True
https://hobbyking.com/en_us/turnigy-nano-tech-2000mah-3s-15-25c-lipo-airsoft-pack.html,Turnigy nano-tech 2000mah 3S 15~25C Lipo AIRSOFT Pack,2000.0,21.92,155.0,11.1,3,22.2,0.1432258064516129,1.0127737226277371,True
https://hobbyking.com/en_us/turnigy-nano-tech-2000mah-2s-15-25c-lipo-airsoft-pack.html,Turnigy nano-tech 2000mah 2S 15~25C Lipo AIRSOFT Pack,2000.0,14.61,106.0,7.4,2,14.8,0.13962264150943396,1.0130047912388775,True
https://hobbyking.com/en_us/turnigy-nano-tech-1800mah-3s-20-40c-lipo-airsoft-pack.html,Turnigy nano-tech 1800mah 3S 20~40C Lipo AIRSOFT Pack,1800.0,16.59,148.0,11.1,3,19.98,0.135,1.2043399638336347,True
https://hobbyking.com/en_us/turnigy-nano-tech-1800mah-2s-25-50c-lipo-airsoft-pack.html,Turnigy nano-tech 1800mah 2S 25~50C Lipo AIRSOFT Pack,1800.0,11.75,100.0,7.4,2,13.32,0.1332,1.1336170212765957,True
https://hobbyking.com/en_us/turnigy-nano-tech-1400mah-3s-15-25c-lipo-airsoft-pack-1.html,Turnigy nano-tech 1400mah 3S 15~25C Lipo AIRSOFT Pack,1400.0,15.44,115.0,11.1,3,15.54,0.1351304347826087,1.0064766839378239,True
https://hobbyking.com/en_us/turnigy-nano-tech-1400mah-2s-15-25c-lipo-airsoft-pack-1.html,Turnigy nano-tech 1400mah 2S 15~25C Lipo AIRSOFT Pack,1400.0,10.9,79.0,7.4,2,10.36,0.1311392405063291,0.9504587155963302,True
https://hobbyking.com/en_us/turnigy-nano-tech-1400mah-3s-15-25c-lipo-airsoft-pack.html,Turnigy nano-tech 1400mah 3S 15~25C Lipo AIRSOFT Pack,1400.0,15.44,110.0,11.1,3,15.54,0.14127272727272727,1.0064766839378239,True
https://hobbyking.com/en_us/turnigy-nano-tech-1300mah-3s-25-50c-lipo-airsoft-pack.html,Turnigy Nano-Tech 1300mah 3S 25~50C LiPo AIRSOFT Pack,1300.0,15.55,113.0,11.1,3,14.43,0.12769911504424777,0.9279742765273311,True
https://hobbyking.com/en_us/turnigy-nano-tech-2200mah-4s-45-90c-lipo-pack.html,Turnigy nano-tech 2200mah 4S 45~90C Lipo Pack,2200.0,40.19,254.0,14.8,4,32.56,0.12818897637795276,0.8101517790495149,True
https://hobbyking.com/en_us/turnigy-nano-tech-2200mah-4s-25-50c-lipo-pack.html,Turnigy nano-tech 2200mah 4S 25~50C Lipo Pack,2200.0,26.04,241.0,14.8,4,32.56,0.13510373443983403,1.250384024577573,True
https://hobbyking.com/en_us/turnigy-nano-tech-1800mah-2s-25-50c-lipo-pack.html,Turnigy nano-tech 1800mah 2S 25~50C Lipo Pack,1800.0,14.0,106.0,7.4,2,13.32,0.12566037735849056,0.9514285714285714,True
https://hobbyking.com/en_us/turnigy-nano-tech-1300mah-3s-25-50c-lipo-pack.html,Turnigy nano-tech 1300mah 3S 25~50C Lipo Pack,1300.0,19.34,120.0,11.1,3,14.43,0.12025,0.7461220268872802,True
https://hobbyking.com/en_us/turnigy-500mah-3s-20c-lipo-pack.html,Turnigy 500mAh 3S 20C Lipo Pack,500.0,11.9,49.0,11.1,3,5.55,0.11326530612244898,0.4663865546218487,True
https://hobbyking.com/en_us/turnigy-2650mah-4s-20c-lipo-pack.html,Turnigy 2650mAh 4S 20C Lipo Pack,2650.0,24.42,265.0,14.8,4,39.22,0.148,1.606060606060606,True
https://hobbyking.com/en_us/turnigy-2200mah-4s-40c-lipo-pack.html,Turnigy 2200mAh 4S 40C Lipo Pack,2200.0,22.32,248.0,14.8,4,32.56,0.13129032258064516,1.4587813620071686,True
https://hobbyking.com/en_us/turnigy-1800mah-2s-30c-lipo-pack.html,Turnigy 1800mAh 2S 30C Lipo Pack,1800.0,8.26,100.0,7.4,2,13.32,0.1332,1.6125907990314772,True
https://hobbyking.com/en_us/turnigy-1600mah-4s-20c-lipo-pack.html,Turnigy 1600mAh 4S 20C Lipo Pack,1600.0,20.27,154.0,14.8,4,23.68,0.15376623376623377,1.1682289097187963,True
https://hobbyking.com/en_us/turnigy-1600mah-2s-20c-lipo-pack-losi-mini-compatible.html,Turnigy 1600mAh 2S 20C Lipo Pack (Losi Mini Compatible),1600.0,10.68,81.0,7.4,2,11.84,0.14617283950617282,1.1086142322097379,True
https://hobbyking.com/en_us/turnigy-1300mah-3s-30c-lipo-pack.html,Turnigy 1300mAh 3S 30C Lipo Pack,1300.0,14.88,107.0,11.1,3,14.43,0.13485981308411216,0.969758064516129,True
https://hobbyking.com/en_us/turnigy-1000mah-1s-20c-lipoly-single-cell.html,Turnigy 1000mAh 1S 20C Lipoly (Single Cell),1000.0,4.87,24.0,3.7,1,3.7,0.15416666666666667,0.7597535934291582,True
https://hobbyking.com/en_us/turnigy-nano-tech-2200mah-2s-30c-lifepo4-transmitter-receiver-pack-w-futaba-ph1-0-connector.html,Turnigy Nano-Tech 2200mAh 2S 30C LiFePo4 Transmitter/Receiver Pack w/Futaba & PH1.0 Connector,2200.0,20.83,111.0,6.6,2,14.52,0.1308108108108108,0.6970715314450312,True
https://hobbyking.com/en_us/turnigy-nano-tech-850mah-2s-12c-lifepo4-transmitter-receiver-pack-w-jr-s-type-connector.html,Turnigy Nano-Tech 850mAh 2S 12C LiFePo4 Transmitter/Receiver Battery w/JR(S-Type) Connector compatible Turnigy / FrSky Twin X14,850.0,13.39,45.0,6.6,2,5.61,0.12466666666666668,0.4189693801344287,True
https://hobbyking.com/en_us/turnigy-graphene-panther-900mah-3s-75c-battery-pack-w-xt60-connector.html,Turnigy Graphene Panther 900mAh 3S 75C Battery Pack w/XT60 Connector,900.0,17.85,84.0,11.1,3,9.99,0.11892857142857143,0.5596638655462185,True
https://hobbyking.com/en_us/turnigy-nano-tech-300mah-3s-50c-lipo-pack-w-jst-connector.html,Turnigy Nano-Tech 300mAh 3S 50C LiPo Pack w/JST Connector,300.0,10.41,30.0,11.1,3,3.33,0.111,0.31988472622478387,True
https://hobbyking.com/en_us/turnigy-nano-tech-300mah-3s-35c-lipo-pack-w-jst-connector.html,Turnigy Nano-Tech 300mAh 3S 35C LiPo Pack w/JST Connector,300.0,8.92,25.0,11.1,3,3.33,0.1332,0.37331838565022424,True
https://hobbyking.com/en_us/turnigy-nano-tech-350mah-2s-25-40c-lipo-battery-for-1-18-1-24-rc-crawlers.html,Turnigy Nano-Tech 350mAh 2S 25~40C LiPo Battery for FMS 1/18 & 1/24 RC Crawlers,350.0,8.84,20.0,7.4,2,2.59,0.1295,0.29298642533936653,True
https://hobbyking.com/en_us/turnigy-heavy-duty-5200mah-6s-60c-lipo-battery-pack-w-xt90.html,Turnigy Heavy Duty 5200mAh 6S 60C LiPo Battery Pack w/XT90,5200.0,107.19,765.0,22.2,6,115.44,0.15090196078431373,1.0769661349006436,False
https://hobbyking.com/en_us/turnigy-heavy-duty-6200mah-3s-60c-lipo-battery-pack-w-xt90.html,Turnigy Heavy Duty 6200mAh 3S 60C LiPo Battery Pack w/XT90,6200.0,37.3,465.0,11.1,3,68.82,0.148,1.8450402144772118,True
https://hobbyking.com/en_us/turnigy-nano-tech-3300mah-6s-45c-lipo-pack-w-xt90.html,Turnigy Nano-Tech 3300mAh 6S 45C Lipo Pack w/XT90,3300.0,50.6,555.0,22.2,6,73.26,0.132,1.4478260869565218,True
https://hobbyking.com/en_us/turnigy-nano-tech-3300mah-6s-35c-lipo-pack-w-xt90.html,Turnigy Nano-Tech 3300mAh 6S 35C LiPo Pack w/XT90,3300.0,55.29,503.0,22.2,6,73.26,0.14564612326043738,1.325013564839935,True
https://hobbyking.com/en_us/turnigy-nano-tech-3300mah-4s-35c-lipo-pack-w-xt60.html,Turnigy Nano-Tech 3300mAh 4S 35C Lipo Pack w/XT60,3300.0,44.66,344.0,14.8,4,48.84,0.14197674418604653,1.0935960591133007,True
https://hobbyking.com/en_us/turnigy-nano-tech-plus-1400mah-4s-70c-lipo-pack-w-xt60.html,Turnigy Nano-Tech Plus 1400mAh 4S 70C Lipo Pack w/XT60,1400.0,14.25,183.0,14.8,4,20.72,0.11322404371584699,1.4540350877192982,True
https://hobbyking.com/en_us/turnigy-nano-tech-500mah-2s-25c-lipo-pack-w-xt30.html,Turnigy Nano-Tech 500mAh 2S 25C Lipo Pack w/XT30,500.0,10.41,34.0,7.4,2,3.7,0.10882352941176471,0.3554274735830932,True
https://hobbyking.com/en_us/turnigy-nano-tech-plus-450mah-3s-70c-w-xt30.html,Turnigy Nano-Tech Plus 450mAh 3S 70C Lipo Pack w/XT30,450.0,7.15,48.0,11.1,3,4.995,0.1040625,0.6986013986013986,True
https://hobbyking.com/en_us/turnigy-200mah-1s-20c-lipo-pack.html,Turnigy 200mAh 1S 20C LiPo Pack,200.0,1.91,7.0,3.7,1,0.74,0.10571428571428572,0.387434554973822,True
https://hobbyking.com/en_us/turnigy-nano-tech-plus-5100mah-4s-70c-lipo-pack-w-xt90.html,Turnigy Nano-Tech Plus 5100mAh 4S 70C Lipo Pack w/XT90,5100.0,68.03,568.0,14.8,4,75.48,0.13288732394366198,1.1095105100690872,True
https://hobbyking.com/en_us/zippy-compact-4000mah-5s1p-40c.html,ZIPPY Compact 4000mAh 5S1P 40C Lipo Pack,4000.0,32.92,505.0,18.5,5,74.0,0.14653465346534653,2.2478736330498177,True
https://hobbyking.com/en_us/turnigy-graphene-panther-650mah-3s-75c-battery-pack-w-xt30.html,Turnigy Graphene Panther 650mAh 3S 75C Battery Pack w/XT30,650.0,11.9,76.0,11.1,3,7.215,0.09493421052631579,0.6063025210084033,True
https://hobbyking.com/en_us/turnigy-650mah-4s-65c-lipo-pack-w-xt30.html,Turnigy 650mAh 4S 65C Lipo Pack w/XT30,650.0,11.32,88.0,14.8,4,9.62,0.10931818181818181,0.8498233215547703,True
https://hobbyking.com/en_us/turnigy-graphene-1300mah-3s-75c-lipo-pack-w-xt60.html,Turnigy Graphene Panther 1300mAh 3S 75C Battery Pack w/XT60,1300.0,20.83,137.0,11.1,3,14.43,0.10532846715328467,0.6927508401344216,True
https://hobbyking.com/en_us/turnigy-high-capacity-battery-6600mah-64s-12c-drone-lipo-pack-xt60.html,Turnigy High Capacity 6600mAh 4S 12C Lipo Pack w/XT60,6600.0,51.5,598.0,14.8,4,97.68,0.16334448160535117,1.8966990291262138,True
https://hobbyking.com/en_us/turnigy-nano-tech-1800mah-3s-30c-lipo-pack-wxt60.html,Turnigy Nano-Tech 1800mAh 3S 30C Lipo Pack w/XT60,1800.0,10.35,165.0,11.1,3,19.98,0.1210909090909091,1.9304347826086958,True
https://hobbyking.com/en_us/turnigy-nano-tech-1300mah-2s-25c-lipo-pack-wxt60.html,Turnigy Nano-Tech 1300mAh 2S 25C Lipo w/XT60,1300.0,13.39,93.0,7.4,2,9.62,0.10344086021505375,0.7184466019417475,True
https://hobbyking.com/en_us/turnigy-nano-tech-4000mah-6s-70c-lipo-pack-w-xt-90-hr-tech.html,Turnigy Nano-Tech Plus 4000mAh 6S 70C Lipo Pack w/XT90,4000.0,60.33,31.0,22.2,6,88.8,2.864516129032258,1.4719045251118845,True
https://hobbyking.com/en_us/turnigy-nano-tech-3000mah-6s-70c-lipo-pack-w-xt90-hr-tech.html,Turnigy Nano-Tech Plus 3000mAh 6S 70C Lipo Pack w/XT90,3000.0,48.78,41.0,22.2,6,66.6,1.624390243902439,1.3653136531365313,True
https://hobbyking.com/en_us/graphene-650mah-4s-75c.html,Turnigy Graphene Panther 650mAh 4S 75C Battery Pack,650.0,16.36,94.0,14.8,4,9.62,0.10234042553191489,0.5880195599022005,True
https://hobbyking.com/en_us/graphene-1000mah-3s-75c.html,Turnigy Graphene Panther 1000mAh 3S 75C Battery Pack,1000.0,14.07,116.0,11.1,3,11.1,0.09568965517241379,0.7889125799573561,True
https://hobbyking.com/en_us/graphene-1000mah-4s-75c.html,Turnigy Graphene Panther 1000mAh 4S 75C Battery Pack,1000.0,11.79,148.0,14.8,4,14.8,0.1,1.255301102629347,True
https://hobbyking.com/en_us/turnigy-2650mah-3s-1c-lipoly-tx-pack-futaba-jr-1.html,Turnigy 2650mAh 3S 1C Lipoly Tx Pack (Futaba/JR),2650.0,19.98,155.0,11.1,3,29.415,0.1897741935483871,1.472222222222222,True
https://hobbyking.com/en_us/turnigy-5000mah-6s-25c-battery.html,Turnigy 5000mAh 6S 25C Lipo Pack w/XT90,5000.0,72.95,4.0,22.2,6,111.0,27.75,1.5215901302261823,False
https://hobbyking.com/en_us/turnigy-nano-tech-5000mah-6s-45-90c-lipo-pack-xt90.html,Turnigy nano-tech 5000mah 6S 45C Lipo Pack w/XT-90,5000.0,70.41,814.0,22.2,6,111.0,0.13636363636363635,1.5764806135492118,False
https://hobbyking.com/en_us/turnigy-battery-3000mah-6s-30c-lipo-pack-xt-60.html,Turnigy 3000mAh 6S 30C Lipo Pack w/XT-60,3000.0,34.65,415.0,22.2,6,66.6,0.16048192771084335,1.922077922077922,True
https://hobbyking.com/en_us/turnigy-battery-nano-tech-6000mah-2s-25-50c-lipo-pack-xt-90.html,Turnigy nano-tech 6000mah 2S 25~50C Lipo Pack w/XT-90,6000.0,32.88,333.0,7.4,2,44.4,0.13333333333333333,1.3503649635036494,True
https://hobbyking.com/en_us/turnigy-nano-tech-5000mah-5s-25-50c-lipo-pack-xt-60.html,Turnigy nano-tech 5000mAh 5S 25~50C Lipo Pack w/XT-90,5000.0,51.61,643.0,18.5,5,92.5,0.14385692068429237,1.7922883162177872,True
https://hobbyking.com/en_us/turnigy-battery-nano-tech-5000mah-4s-25-50c-lipo-pack-xt-90.html,Turnigy nano-tech 5000mah 4S 25~50C Lipo Pack w/XT-90,5000.0,41.47,523.0,14.8,4,74.0,0.14149139579349904,1.7844224740776466,True
https://hobbyking.com/en_us/turnigy-battery-nano-tech-5000mah-3s-25-50c-lipo-pack-xt-90.html,Turnigy nano-tech 5000mah 3S 25~50C Lipo Pack w/XT-90,5000.0,23.06,403.0,11.1,3,55.5,0.13771712158808933,2.4067649609713793,True
https://hobbyking.com/en_us/turnigy-battery-nano-tech-4500mah-4s-35-70c-lipo-pack-xt-60.html,Turnigy nano-tech 4500mah 4S 35~70C Lipo Pack w/XT-90,4500.0,57.18,485.0,14.8,4,66.6,0.13731958762886598,1.1647429171038823,True
https://hobbyking.com/en_us/turnigy-battery-nano-tech-4400mah-4s-65-130c-lipo-pack-xt-60.html,Turnigy nano-tech 4400mah 4S 65~130C Lipo Pack w/XT-90,4400.0,45.98,527.0,14.8,4,65.12,0.12356736242884252,1.4162679425837323,True
https://hobbyking.com/en_us/turnigy-battery-heavy-duty-3300mah-6s-60c-lipo-pack-xt-90.html,Turnigy Heavy Duty 3300mAh 6S 60C Lipo Pack w/XT-90,3300.0,65.5,561.0,22.2,6,73.26,0.13058823529411764,1.1184732824427481,True
https://hobbyking.com/en_us/turnigy-battery-nano-tech-2700mah-6s-65-130c-lipo-pack-xt-60.html,Turnigy nano-tech 2700mah 6S 65~130C Lipo Pack w/XT-60,2700.0,44.83,483.0,22.2,6,59.94,0.12409937888198758,1.3370510818648227,True
https://hobbyking.com/en_us/turnigy-battery-nano-tech-2650mah-6s-35-70c-lipo-pack-xt-60.html,Turnigy nano-tech 2650mAh 6S 35~70C Lipo Pack w/XT-60,2650.0,31.97,417.0,22.2,6,58.83,0.14107913669064748,1.8401626524867063,True
https://hobbyking.com/en_us/turnigy-2200mah-2s-20c-lipo-pack-w-xt60.html,Turnigy 2200mAh 2S 20C Lipo Pack w/XT60,2200.0,8.46,120.0,7.4,2,16.28,0.13566666666666669,1.9243498817966902,True
https://hobbyking.com/en_us/turnigy-2200mah-2s-40c-lipo-pack-1.html,Turnigy 2200mAh 2S 40C Lipo Pack,2200.0,9.29,134.0,7.4,2,16.28,0.12149253731343285,1.7524219590958021,True
https://hobbyking.com/en_us/turnigy-1200mah-1s-1c-lipoly-w-2-pin-jst-ph-connector.html,Turnigy 1200mAh 1S 1C Lipoly w/ 2 Pin JST-PH Connector,1200.0,4.39,5.0,3.7,1,4.44,0.8880000000000001,1.0113895216400912,True
https://hobbyking.com/en_us/turnigy-nano-tech-1200mah-2s-25-50c-lipo-airsoft-pack-t-connector.html,Turnigy nano-tech 1200mAh 2S 25~50C Lipo AIRSOFT Pack (T-Connector),1200.0,7.46,68.0,7.4,2,8.88,0.13058823529411767,1.190348525469169,True
https://hobbyking.com/en_us/turnigy-nano-tech-1500mah-2s-25-50c-lipo-pack.html,Turnigy nano-tech 1500mah 2S 25~50C Lipo Pack,1500.0,6.28,102.0,7.4,2,11.1,0.10882352941176471,1.767515923566879,True
https://hobbyking.com/en_us/turnigy-nano-tech-1700mah-2s1p-20-40c-lifepo4-receiver-pack.html,Turnigy nano-tech 1700mAh 2S2P 20~40C LiFePo4 Receiver Pack,1700.0,14.67,97.0,6.6,2,11.22,0.11567010309278351,0.7648261758691207,True
https://hobbyking.com/en_us/turnigy-nano-tech-950mah-3s-25-50c-lipo-pack.html,Turnigy nano-tech 950mah 3S 25~50C Lipo Pack,950.0,12.95,78.0,11.1,3,10.545,0.1351923076923077,0.8142857142857143,True
https://hobbyking.com/en_us/graphene-5000mah-3s-45c-w-xt90.html,Turnigy Graphene 5000mAh 3S 45C LiPo Pack w/XT90,5000.0,29.56,455.0,11.1,3,55.5,0.12197802197802197,1.8775372124492558,True
https://hobbyking.com/en_us/graphene-4000mah-6s-45c-w-xt90.html,Turnigy Graphene 4000mAh 6S 45C Lipo Pack w/XT90,4000.0,53.59,698.0,22.2,6,88.8,0.12722063037249284,1.6570255644709833,True
https://hobbyking.com/en_us/turnigy-3200mah-4s-20c-lipoly-pack-w-ec3-e-flite-compatible-eflb32004s.html,Turnigy 3200mAh 4S 20C LiPoly Pack w/ EC3 (E-flite Compatible EFLB32004S) ,3200.0,23.9,345.0,14.8,4,47.36,0.13727536231884058,1.981589958158996,True
https://hobbyking.com/en_us/turnigy-2800mah-4s-30c-lipoly-pack-w-ec3-e-flite-compatible-eflb28004s30.html,Turnigy 2800mAh 4S 30C LiPoly Pack w/ EC3 (E-flite Compatible EFLB28004S30) ,2800.0,22.1,300.0,14.8,4,41.44,0.13813333333333333,1.8751131221719455,True
https://hobbyking.com/en_us/zippy-compact-1800mah-3s-40c-lipo-pack.html,ZIPPY Compact 1800mAh 3s 40c Lipo Pack,1800.0,10.9,161.0,11.1,3,19.98,0.12409937888198758,1.8330275229357798,True
https://hobbyking.com/en_us/turnigy-nano-tech-1800mah-3s-25-50c-lipo-airsoft-pack-1.html,Turnigy nano-tech 1800mah 3S 25~50C Lipo AIRSOFT Pack,1800.0,9.83,152.0,11.1,3,19.98,0.13144736842105265,2.032553407934893,True
https://hobbyking.com/en_us/turnigy-nano-tech-1800mah-3s-25-50c-lipo-airsoft-pack.html,Turnigy nano-tech 1800mah 3S 25~50C Lipo AIRSOFT Pack,1800.0,18.14,147.0,11.1,3,19.98,0.13591836734693877,1.101433296582139,True
https://hobbyking.com/en_us/turnigy-nano-tech-1200mah-3s-15-25c-lipo-airsoft-pack-1.html,Turnigy nano-tech 1200mah 3S 15~25C Lipo AIRSOFT Pack,1200.0,10.3,99.0,11.1,3,13.32,0.13454545454545455,1.2932038834951456,True
https://hobbyking.com/en_us/turnigy-nano-tech-460mah-3s-25-40c-lipo-pack.html,Turnigy nano-tech 460mah 3S 25~40C Lipo Pack,460.0,6.57,45.0,11.1,3,5.106,0.11346666666666666,0.7771689497716895,True
https://hobbyking.com/en_us/turnigy-nano-tech-460mah-2s-25-40c-lipo-pack.html,Turnigy nano-tech 460mah 2S 25~40C Lipo Pack,460.0,5.94,31.0,7.4,2,3.404,0.10980645161290323,0.573063973063973,True
https://hobbyking.com/en_us/turnigy-nano-tech-370mah-2s-25-40c-lipo-pack.html,Turnigy nano-tech 370mah 2S 25~40C Lipo Pack,370.0,5.29,27.0,7.4,2,2.738,0.1014074074074074,0.5175803402646503,True
https://hobbyking.com/en_us/turnigy-nano-tech-300mah-1s-35c-lipo-pack-suits-fbl100-and-blade-mcpx.html,Turnigy nano-tech 300mah 1S 35c Lipo Pack with JST-PH 2.0 (Suits FBL100 and Blade mCPx),300.0,2.32,6.0,3.7,1,1.11,0.18500000000000003,0.47844827586206906,True
https://hobbyking.com/en_us/turnigy-nano-tech-1800mah-2s-65c-130c-lipo-pack.html,Turnigy nano-tech 1800mah 2S 65C~130C Lipo Pack,1800.0,25.3,124.0,7.4,2,13.32,0.10741935483870968,0.5264822134387351,True
https://hobbyking.com/en_us/turnigy-nano-tech-1300mah-3s-45-90c-lipo-pack.html,Turnigy nano-tech 1300mAh 3S 45~90C Lipo Pack,1300.0,19.34,147.0,11.1,3,14.43,0.09816326530612245,0.7461220268872802,True
https://hobbyking.com/en_us/turnigy-800mah-3s-40c-lipo-pack.html,Turnigy 800mAh 3S 40C Lipo Pack,800.0,5.63,80.0,11.1,3,8.88,0.11100000000000002,1.577264653641208,True
https://hobbyking.com/en_us/turnigy-2200mah-4s-30c-lipo-pack.html,Turnigy 2200mAh 4S 30C Lipo Pack,2200.0,14.93,258.0,14.8,4,32.56,0.1262015503875969,2.1808439383791027,True
https://hobbyking.com/en_us/turnigy-1800mah-4s-40c-lipo-pack.html,Turnigy 1800mAh 4S 40C Lipo Pack,1800.0,16.42,213.0,14.8,4,26.64,0.12507042253521128,1.6224116930572472,True
https://hobbyking.com/en_us/turnigy-1800mah-2s-12c-lipo-receiver-pack.html,Turnigy 1800mAh 2S 12C Lipo Receiver Pack,1800.0,5.84,92.0,7.4,2,13.32,0.14478260869565218,2.280821917808219,True
https://hobbyking.com/en_us/turnigy-1700mah-2s-20c-lipo-pack-suits-1-16th-monster-beatle-sct-buggy.html,"Turnigy 1700mAh 2S 20C Lipo Pack (Suits 1/16th Monster Beatle, SCT & Buggy)",1700.0,11.42,92.0,7.4,2,12.58,0.1367391304347826,1.1015761821366024,True
https://hobbyking.com/en_us/turnigy-1000mah-3s-30c-lipo-pack.html,Turnigy 1000mAh 3S 30C Lipo Pack,1000.0,12.67,97.0,11.1,3,11.1,0.11443298969072165,0.8760852407261247,True
https://hobbyking.com/en_us/turnigy-1300mah-2s-20c-lipo-pack-suit-1-18th-truck.html,Turnigy 1300mAh 2S 20C Lipo Pack (Suit 1/18th Truck),1300.0,6.15,76.0,7.4,2,9.62,0.12657894736842104,1.5642276422764225,True
https://hobbyking.com/en_us/turnigy-nano-tech-plus-3000mah-4s-70c-lipo-battery-pack-w-xt90.html,Turnigy Nano-Tech Plus 3000mAh 4S 70C LiPo Battery Pack w/XT90,3000.0,39.67,337.0,14.8,4,44.4,0.1317507418397626,1.119233677842198,True
https://hobbyking.com/en_us/turnigy-nano-tech-260mah-2s-35-70c-lipo-battery.html,Turnigy nano-tech 260mAh 2S 35~70C Lipo Battery,260.0,3.72,22.0,7.4,2,1.924,0.08745454545454545,0.5172043010752688,True
https://hobbyking.com/en_us/turnigy-nano-tech-plus-500mah-3s-70c-lipo-pack-w-xt30.html,Turnigy Nano-Tech Plus 500mAh 3S 70C Lipo Pack w/XT30,500.0,11.9,58.0,11.1,3,5.55,0.09568965517241379,0.4663865546218487,True
https://hobbyking.com/en_us/turnigy-nano-tech-plus-950mah-2s-70c-lipo-pack-w-xt30.html,Turnigy Nano-Tech Plus 950mAh 2S 70C Lipo Pack w/XT30,950.0,9.05,65.0,7.4,2,7.03,0.10815384615384616,0.7767955801104972,True
https://hobbyking.com/en_us/turnigy-4000mah-6s-30c-lipo-pack-w-xt90.html,Turnigy 4000mAh 6S 30C Lipo Pack w/XT90,4000.0,74.44,610.0,22.2,6,88.8,0.14557377049180328,1.1929070392262224,True
https://hobbyking.com/en_us/turnigy-nano-tech-1500mah-life-3s-9-9v-transmitter-pack-taranis-compatible-1.html,Turnigy nano-tech 1500mAh LiFe 3S 9.9V Transmitter Pack (Taranis Compatible),1500.0,14.15,142.0,9.9,3,14.85,0.1045774647887324,1.0494699646643109,True
https://hobbyking.com/en_us/turnigy-nano-tech-5000mah-8s-65-130c-lipo-pack-xt90.html,Turnigy nano-tech 5000mah 8S 65~130C Lipo Pack w/XT90,5000.0,148.89,1066.0,29.6,8,148.0,0.13883677298311445,0.9940224326684131,False
https://hobbyking.com/en_us/turnigy-nano-tech-550mah-2s1p-7-4v-65c-lipo.html,Turnigy nano-tech 550mAh 2S 65C Lipo Pack (E-Flite Compatible),550.0,10.41,38.0,7.4,2,4.07,0.10710526315789475,0.39097022094140255,True
https://hobbyking.com/en_us/turnigy-4000mah-3s-40c-lipo-pack-xt-60.html,Turnigy 4000mAh 3S 40C Lipo Pack w/XT-90,4000.0,40.19,372.0,11.1,3,44.4,0.11935483870967742,1.104752425976611,True
https://hobbyking.com/en_us/turnigy-3300mah-2s-30c-lipo-pack-xt-60.html,Turnigy 3300mAh 2S 30C Lipo Pack w/XT-60,3300.0,23.81,204.0,7.4,2,24.42,0.11970588235294119,1.025619487610248,True
https://hobbyking.com/en_us/turnigy-battery-3000mah-5s-30c-lipo-pack-xt-60.html,Turnigy 3000mAh 5S 30C Lipo Pack w/XT-60,3000.0,40.19,429.0,18.5,5,55.5,0.12937062937062938,1.380940532470764,True
https://hobbyking.com/en_us/turnigy-battery-3000mah-3s-40c-lipo-pack-xt-60.html,Turnigy 3000mAh 3S 40C Lipo Pack w/XT-60,3000.0,32.74,278.0,11.1,3,33.3,0.1197841726618705,1.0171044593769087,True
https://hobbyking.com/en_us/turnigy-battery-nano-tech-2700mah-4s-65-130c-lipo-pack-xt-60.html,Turnigy nano-tech 2700mah 4S 65~130C Lipo Pack w/XT-60,2700.0,40.19,332.0,14.8,4,39.96,0.12036144578313253,0.9942771833789501,True
https://hobbyking.com/en_us/turnigy-heavy-duty-3300mah-4s-60c-lipo-pack-w-xt90.html,Turnigy Heavy Duty 3300mAh 4S 60C Lipo Pack w/XT-90,3300.0,44.66,385.0,14.8,4,48.84,0.12685714285714286,1.0935960591133007,True
https://hobbyking.com/en_us/turnigy-2200mah-1s-40c-lipoly-single-cell-1.html,Turnigy 2200mAh 1S 40C Lipo Pack (Single Cell),2200.0,6.15,56.0,3.7,1,8.14,0.14535714285714288,1.3235772357723576,True
https://hobbyking.com/en_us/turnigy-heavy-duty-2200mah-4s-60c-lipo-pack-w-xt60-connector.html,Turnigy Heavy Duty 2200mAh 4S 60C Lipo Pack w/XT60 Connector,2200.0,29.77,250.0,14.8,4,32.56,0.13024000000000002,1.0937185085656702,True
https://hobbyking.com/en_us/turnigy-nano-tech-1200mah-3s-15-25c-lipo-airsoft-pack-t-connector.html,Turnigy nano-tech 1200mAh 3S 15~25C Lipo AIRSOFT Pack (T-Connector),1200.0,11.79,97.0,11.1,3,13.32,0.13731958762886598,1.1297709923664123,True
https://hobbyking.com/en_us/turnigy-nano-tech-1550mah-6s-65-130c-lipo-pack-450l-heli.html,Turnigy nano-tech 1550mah 6S 65~130C Lipo Pack ,1550.0,35.45,287.0,22.2,6,34.41,0.11989547038327525,0.970662905500705,True
https://hobbyking.com/en_us/turnigy-nano-tech-750mah-1s-35-70c-lipo-pack-walkera-v120d02s-qr-infra-x-qr-w100s.html,Turnigy nano-tech 750mAh 1S 35-70C Lipo Pack (Walkera V120D02S/QR Infra X/QR W100S),750.0,6.83,5.0,3.7,1,2.775,0.5549999999999999,0.4062957540263543,True
https://hobbyking.com/en_us/turnigy-nano-tech-1500mah-3s-20-40c-lipo-airsoft-pack.html,Turnigy nano-tech 1500mAh 3S 20-40C Lipo AIRSOFT Pack,1500.0,15.72,122.0,11.1,3,16.65,0.13647540983606557,1.0591603053435112,True
https://hobbyking.com/en_us/turnigy-nano-tech-300mah-1s-45c-lipo-pack-suits-fbl100-and-blade-mcpx.html,Turnigy nano-tech 300mah 1S 45C Lipo Pack (Suits FBL100 and Blade mCPx),300.0,2.53,8.0,3.7,1,1.11,0.13875,0.4387351778656127,True
https://hobbyking.com/en_us/turnigy-nano-tech-3000mah-2s1p-20-40c-lifepo4-receiver-pack.html,Turnigy nano-tech 3000mAh 2S1P 20~40C LiFePo4 Receiver Pack,3000.0,16.36,183.0,6.6,2,19.8,0.10819672131147541,1.210268948655257,True
https://hobbyking.com/en_us/turnigy-5000mah-4s-40c-lipo-pack-with-xt90.html,Turnigy 5000mAh 4S 40C Lipo Pack with XT90,5000.0,50.61,550.0,14.8,4,74.0,0.13454545454545455,1.4621616281367318,True
https://hobbyking.com/en_us/turnigy-3200mah-3s-30c-lipoly-pack-w-ec3-e-flite-compatible-eflb32003s30.html,Turnigy 3200mAh 3S 30C LiPoly Pack w/ EC3 (E-flite Compatible EFLB32003S30),3200.0,27.03,265.0,11.1,3,35.52,0.13403773584905662,1.314095449500555,True
https://hobbyking.com/en_us/turnigy-nano-tech-1300mah-3s-25-50c-lipo-airsoft-pack-1.html,Turnigy nano-tech 1300mah 3S 25~50C Lipo AIRSOFT Pack,1300.0,15.55,122.0,11.1,3,14.43,0.11827868852459016,0.9279742765273311,True
https://hobbyking.com/en_us/turnigy-nano-tech-850mah-2s-25-40c-lipo-pack.html,Turnigy nano-tech 850mah 2S 25~40C Lipo Pack w/ JST Connectors,850.0,7.43,49.0,7.4,2,6.29,0.12836734693877552,0.8465679676985196,True
